trial,circuit_type,S_subsystem,p_log,log_p_log,duration,n_measurements,is_measurement_heavy
0,unitary,0.0832827573454954,0.044,-3.123565645063876,6.099999999999999,2,0
1,measurement,0.0582707661654179,0.096,-2.3434070875143007,16.5,6,1
2,unitary,0.0832827573454954,0.041,-3.1941832122778293,6.099999999999999,2,0
3,measurement,0.0582707661654179,0.103,-2.2730262907525014,16.5,6,1
4,unitary,0.0832827573454954,0.043,-3.146555163288575,6.099999999999999,2,0
5,measurement,0.0582707661654179,0.094,-2.364460496712133,16.5,6,1
6,unitary,0.0832827573454954,0.045,-3.101092789211817,6.099999999999999,2,0
7,measurement,0.0582707661654179,0.105,-2.2537949288246137,16.5,6,1
8,unitary,0.0832827573454954,0.044,-3.123565645063876,6.099999999999999,2,0
9,measurement,0.0582707661654179,0.104,-2.2633643798407643,16.5,6,1
10,unitary,0.0832827573454954,0.036,-3.3242363405260273,6.099999999999999,2,0
11,measurement,0.0582707661654179,0.094,-2.364460496712133,16.5,6,1
12,unitary,0.0832827573454954,0.04,-3.2188758248682006,6.099999999999999,2,0
13,measurement,0.0582707661654179,0.105,-2.2537949288246137,16.5,6,1
14,unitary,0.0832827573454954,0.035,-3.3524072174927233,6.099999999999999,2,0
15,measurement,0.0582707661654179,0.093,-2.375155785828881,16.5,6,1
16,unitary,0.0832827573454954,0.045,-3.101092789211817,6.099999999999999,2,0
17,measurement,0.0582707661654179,0.088,-2.430418464503931,16.5,6,1
18,unitary,0.0832827573454954,0.045,-3.101092789211817,6.099999999999999,2,0
19,measurement,0.0582707661654179,0.093,-2.375155785828881,16.5,6,1
20,unitary,0.0832827573454954,0.041,-3.1941832122778293,6.099999999999999,2,0
21,measurement,0.0582707661654179,0.101,-2.2926347621408776,16.5,6,1
22,unitary,0.0832827573454954,0.042,-3.170085660698769,6.099999999999999,2,0
23,measurement,0.690051920067625,0.097,-2.333044300478754,16.5,6,1
24,unitary,0.0832827573454954,0.037,-3.2968373663379125,6.099999999999999,2,0
25,measurement,0.0582707661654179,0.099,-2.312635428847547,16.5,6,1
26,unitary,0.0832827573454954,0.038,-3.270169119255751,6.099999999999999,2,0
27,measurement,0.06782052788046526,0.091,-2.396895772465287,16.5,6,1
28,unitary,0.0832827573454954,0.037,-3.2968373663379125,6.099999999999999,2,0
29,measurement,0.0582707661654179,0.093,-2.375155785828881,16.5,6,1
30,unitary,0.0832827573454954,0.039,-3.2441936328524905,6.099999999999999,2,0
31,measurement,0.0582707661654179,0.105,-2.2537949288246137,16.5,6,1
32,unitary,0.0832827573454954,0.042,-3.170085660698769,6.099999999999999,2,0
33,measurement,0.10136178665347428,0.092,-2.385966701933097,16.5,6,1
34,unitary,0.0832827573454954,0.046,-3.079113882493042,6.099999999999999,2,0
35,measurement,0.0582707661654179,0.104,-2.2633643798407643,16.5,6,1
36,unitary,0.0832827573454954,0.055,-2.900422093749666,6.099999999999999,2,0
37,measurement,0.0582707661654179,0.094,-2.364460496712133,16.5,6,1
38,unitary,0.0832827573454954,0.038,-3.270169119255751,6.099999999999999,2,0
39,measurement,0.0582707661654179,0.107,-2.234926444520231,16.5,6,1
40,unitary,0.0832827573454954,0.036,-3.3242363405260273,6.099999999999999,2,0
41,measurement,0.0582707661654179,0.102,-2.282782465697866,16.5,6,1
42,unitary,0.0832827573454954,0.047,-3.0576076772720784,6.099999999999999,2,0
43,measurement,0.0582707661654179,0.092,-2.385966701933097,16.5,6,1
44,unitary,0.0832827573454954,0.034,-3.3813947543659757,6.099999999999999,2,0
45,measurement,0.0582707661654179,0.082,-2.501036031717884,16.5,6,1
46,unitary,0.0832827573454954,0.034,-3.3813947543659757,6.099999999999999,2,0
47,measurement,0.0582707661654179,0.095,-2.353878387381596,16.5,6,1
48,unitary,0.0832827573454954,0.042,-3.170085660698769,6.099999999999999,2,0
49,measurement,0.0582707661654179,0.101,-2.2926347621408776,16.5,6,1
50,unitary,0.0832827573454954,0.042,-3.170085660698769,6.099999999999999,2,0
51,measurement,0.0582707661654179,0.097,-2.333044300478754,16.5,6,1
52,unitary,0.0832827573454954,0.036,-3.3242363405260273,6.099999999999999,2,0
53,measurement,0.0582707661654179,0.094,-2.364460496712133,16.5,6,1
54,unitary,0.0832827573454954,0.035,-3.3524072174927233,6.099999999999999,2,0
55,measurement,0.0582707661654179,0.095,-2.353878387381596,16.5,6,1
56,unitary,0.0832827573454954,0.035,-3.3524072174927233,6.099999999999999,2,0
57,measurement,0.0582707661654179,0.093,-2.375155785828881,16.5,6,1
58,unitary,0.0832827573454954,0.038,-3.270169119255751,6.099999999999999,2,0
59,measurement,0.6931471554088746,0.094,-2.364460496712133,16.5,6,1
60,unitary,0.0832827573454954,0.044,-3.123565645063876,6.099999999999999,2,0
61,measurement,0.0582707661654179,0.087,-2.4418471603275536,16.5,6,1
62,unitary,0.0832827573454954,0.047,-3.0576076772720784,6.099999999999999,2,0
63,measurement,0.0582707661654179,0.114,-2.1715568305876416,16.5,6,1
64,unitary,0.0832827573454954,0.046,-3.079113882493042,6.099999999999999,2,0
65,measurement,0.0582707661654179,0.099,-2.312635428847547,16.5,6,1
66,unitary,0.0832827573454954,0.039,-3.2441936328524905,6.099999999999999,2,0
67,measurement,0.0582707661654179,0.098,-2.322787800311565,16.5,6,1
68,unitary,0.0832827573454954,0.032,-3.4420193761824103,6.099999999999999,2,0
69,measurement,0.0582707661654179,0.1,-2.3025850929940455,16.5,6,1
70,unitary,0.0832827573454954,0.04,-3.2188758248682006,6.099999999999999,2,0
71,measurement,0.0582707661654179,0.106,-2.24431618487007,16.5,6,1
72,unitary,0.0832827573454954,0.045,-3.101092789211817,6.099999999999999,2,0
73,measurement,0.0582707661654179,0.089,-2.419118909249997,16.5,6,1
74,unitary,0.0832827573454954,0.029,-3.540459448995663,6.099999999999999,2,0
75,measurement,0.0582707661654179,0.1,-2.3025850929940455,16.5,6,1
76,unitary,0.0832827573454954,0.03,-3.506557897319982,6.099999999999999,2,0
77,measurement,0.6931471554088746,0.094,-2.364460496712133,16.5,6,1
78,unitary,0.0832827573454954,0.047,-3.0576076772720784,6.099999999999999,2,0
79,measurement,0.0582707661654179,0.089,-2.419118909249997,16.5,6,1
80,unitary,0.0832827573454954,0.038,-3.270169119255751,6.099999999999999,2,0
81,measurement,0.0582707661654179,0.097,-2.333044300478754,16.5,6,1
82,unitary,0.0832827573454954,0.043,-3.146555163288575,6.099999999999999,2,0
83,measurement,0.0582707661654179,0.11,-2.2072749131897207,16.5,6,1
84,unitary,0.0832827573454954,0.042,-3.170085660698769,6.099999999999999,2,0
85,measurement,0.10263277330000367,0.105,-2.2537949288246137,16.5,6,1
86,unitary,0.0832827573454954,0.032,-3.4420193761824103,6.099999999999999,2,0
87,measurement,0.0582707661654179,0.106,-2.24431618487007,16.5,6,1
88,unitary,0.0832827573454954,0.044,-3.123565645063876,6.099999999999999,2,0
89,measurement,0.0582707661654179,0.085,-2.4651040224918206,16.5,6,1
90,unitary,0.0832827573454954,0.037,-3.2968373663379125,6.099999999999999,2,0
91,measurement,0.0582707661654179,0.103,-2.2730262907525014,16.5,6,1
92,unitary,0.0832827573454954,0.033,-3.4112477175156566,6.099999999999999,2,0
93,measurement,0.0582707661654179,0.097,-2.333044300478754,16.5,6,1
94,unitary,0.0832827573454954,0.043,-3.146555163288575,6.099999999999999,2,0
95,measurement,0.0582707661654179,0.081,-2.513306124309698,16.5,6,1
96,unitary,0.0832827573454954,0.025,-3.6888794541139363,6.099999999999999,2,0
97,measurement,0.0582707661654179,0.103,-2.2730262907525014,16.5,6,1
98,unitary,0.0832827573454954,0.037,-3.2968373663379125,6.099999999999999,2,0
99,measurement,0.0582707661654179,0.095,-2.353878387381596,16.5,6,1
100,unitary,0.0832827573454954,0.05,-2.995732273553991,6.099999999999999,2,0
101,measurement,0.0582707661654179,0.112,-2.1892564076870427,16.5,6,1
102,unitary,0.0832827573454954,0.031,-3.473768074496991,6.099999999999999,2,0
103,measurement,0.05935100405591912,0.107,-2.234926444520231,16.5,6,1
104,unitary,0.0832827573454954,0.031,-3.473768074496991,6.099999999999999,2,0
105,measurement,0.0582707661654179,0.111,-2.198225077669803,16.5,6,1
106,unitary,0.0832827573454954,0.047,-3.0576076772720784,6.099999999999999,2,0
107,measurement,0.0582707661654179,0.125,-2.0794415416798357,16.5,6,1
108,unitary,0.0832827573454954,0.046,-3.079113882493042,6.099999999999999,2,0
109,measurement,0.0582707661654179,0.099,-2.312635428847547,16.5,6,1
110,unitary,0.0832827573454954,0.035,-3.3524072174927233,6.099999999999999,2,0
111,measurement,0.0582707661654179,0.102,-2.282782465697866,16.5,6,1
112,unitary,0.0832827573454954,0.041,-3.1941832122778293,6.099999999999999,2,0
113,measurement,0.11917171608563353,0.094,-2.364460496712133,16.5,6,1
114,unitary,0.0832827573454954,0.039,-3.2441936328524905,6.099999999999999,2,0
115,measurement,0.0582707661654179,0.082,-2.501036031717884,16.5,6,1
116,unitary,0.0832827573454954,0.044,-3.123565645063876,6.099999999999999,2,0
117,measurement,0.0582707661654179,0.107,-2.234926444520231,16.5,6,1
118,unitary,0.0832827573454954,0.043,-3.146555163288575,6.099999999999999,2,0
119,measurement,0.0582707661654179,0.092,-2.385966701933097,16.5,6,1
120,unitary,0.0832827573454954,0.036,-3.3242363405260273,6.099999999999999,2,0
121,measurement,0.0582707661654179,0.079,-2.5383074265151158,16.5,6,1
122,unitary,0.0832827573454954,0.045,-3.101092789211817,6.099999999999999,2,0
123,measurement,0.0582707661654179,0.113,-2.1803674602697964,16.5,6,1
124,unitary,0.0832827573454954,0.036,-3.3242363405260273,6.099999999999999,2,0
125,measurement,0.0582707661654179,0.11,-2.2072749131897207,16.5,6,1
126,unitary,0.0832827573454954,0.038,-3.270169119255751,6.099999999999999,2,0
127,measurement,0.0582707661654179,0.104,-2.2633643798407643,16.5,6,1
128,unitary,0.0832827573454954,0.038,-3.270169119255751,6.099999999999999,2,0
129,measurement,0.0582707661654179,0.094,-2.364460496712133,16.5,6,1
130,unitary,0.0832827573454954,0.033,-3.4112477175156566,6.099999999999999,2,0
131,measurement,0.0582707661654179,0.076,-2.577021938695806,16.5,6,1
132,unitary,0.0832827573454954,0.038,-3.270169119255751,6.099999999999999,2,0
133,measurement,0.0582707661654179,0.087,-2.4418471603275536,16.5,6,1
134,unitary,0.0832827573454954,0.038,-3.270169119255751,6.099999999999999,2,0
135,measurement,0.0582707661654179,0.111,-2.198225077669803,16.5,6,1
136,unitary,0.0832827573454954,0.056,-2.8824035882469876,6.099999999999999,2,0
137,measurement,0.0582707661654179,0.099,-2.312635428847547,16.5,6,1
138,unitary,0.0832827573454954,0.036,-3.3242363405260273,6.099999999999999,2,0
139,measurement,0.0582707661654179,0.093,-2.375155785828881,16.5,6,1
140,unitary,0.0832827573454954,0.04,-3.2188758248682006,6.099999999999999,2,0
141,measurement,0.0582707661654179,0.098,-2.322787800311565,16.5,6,1
142,unitary,0.0832827573454954,0.044,-3.123565645063876,6.099999999999999,2,0
143,measurement,0.0582707661654179,0.101,-2.2926347621408776,16.5,6,1
144,unitary,0.0832827573454954,0.039,-3.2441936328524905,6.099999999999999,2,0
145,measurement,0.0582707661654179,0.094,-2.364460496712133,16.5,6,1
146,unitary,0.0832827573454954,0.029,-3.540459448995663,6.099999999999999,2,0
147,measurement,0.0582707661654179,0.119,-2.1286317858706076,16.5,6,1
148,unitary,0.0832827573454954,0.037,-3.2968373663379125,6.099999999999999,2,0
149,measurement,0.0582707661654179,0.104,-2.2633643798407643,16.5,6,1
150,unitary,0.0832827573454954,0.03,-3.506557897319982,6.099999999999999,2,0
151,measurement,0.0582707661654179,0.102,-2.282782465697866,16.5,6,1
152,unitary,0.0832827573454954,0.034,-3.3813947543659757,6.099999999999999,2,0
153,measurement,0.0582707661654179,0.092,-2.385966701933097,16.5,6,1
154,unitary,0.0832827573454954,0.03,-3.506557897319982,6.099999999999999,2,0
155,measurement,0.0582707661654179,0.108,-2.2256240518579173,16.5,6,1
156,unitary,0.0832827573454954,0.045,-3.101092789211817,6.099999999999999,2,0
157,measurement,0.0582707661654179,0.099,-2.312635428847547,16.5,6,1
158,unitary,0.0832827573454954,0.029,-3.540459448995663,6.099999999999999,2,0
159,measurement,0.0582707661654179,0.089,-2.419118909249997,16.5,6,1
160,unitary,0.0832827573454954,0.048,-3.036554268074246,6.099999999999999,2,0
161,measurement,0.0582707661654179,0.1,-2.3025850929940455,16.5,6,1
162,unitary,0.0832827573454954,0.027,-3.611918412977808,6.099999999999999,2,0
163,measurement,0.0582707661654179,0.105,-2.2537949288246137,16.5,6,1
164,unitary,0.0832827573454954,0.041,-3.1941832122778293,6.099999999999999,2,0
165,measurement,0.0582707661654179,0.106,-2.24431618487007,16.5,6,1
166,unitary,0.0832827573454954,0.042,-3.170085660698769,6.099999999999999,2,0
167,measurement,0.0582707661654179,0.094,-2.364460496712133,16.5,6,1
168,unitary,0.0832827573454954,0.044,-3.123565645063876,6.099999999999999,2,0
169,measurement,0.0582707661654179,0.094,-2.364460496712133,16.5,6,1
170,unitary,0.0832827573454954,0.033,-3.4112477175156566,6.099999999999999,2,0
171,measurement,0.0582707661654179,0.092,-2.385966701933097,16.5,6,1
172,unitary,0.0832827573454954,0.036,-3.3242363405260273,6.099999999999999,2,0
173,measurement,0.0582707661654179,0.097,-2.333044300478754,16.5,6,1
174,unitary,0.0832827573454954,0.045,-3.101092789211817,6.099999999999999,2,0
175,measurement,0.0582707661654179,0.101,-2.2926347621408776,16.5,6,1
176,unitary,0.0832827573454954,0.039,-3.2441936328524905,6.099999999999999,2,0
177,measurement,0.0582707661654179,0.095,-2.353878387381596,16.5,6,1
178,unitary,0.0832827573454954,0.034,-3.3813947543659757,6.099999999999999,2,0
179,measurement,0.10202098226596898,0.086,-2.4534079827286295,16.5,6,1
180,unitary,0.0832827573454954,0.048,-3.036554268074246,6.099999999999999,2,0
181,measurement,0.0582707661654179,0.084,-2.4769384801388235,16.5,6,1
182,unitary,0.0832827573454954,0.053,-2.9374633654300153,6.099999999999999,2,0
183,measurement,0.0582707661654179,0.098,-2.322787800311565,16.5,6,1
184,unitary,0.0832827573454954,0.039,-3.2441936328524905,6.099999999999999,2,0
185,measurement,0.0582707661654179,0.103,-2.2730262907525014,16.5,6,1
186,unitary,0.0832827573454954,0.039,-3.2441936328524905,6.099999999999999,2,0
187,measurement,0.0582707661654179,0.076,-2.577021938695806,16.5,6,1
188,unitary,0.0832827573454954,0.035,-3.3524072174927233,6.099999999999999,2,0
189,measurement,0.0582707661654179,0.105,-2.2537949288246137,16.5,6,1
190,unitary,0.0832827573454954,0.036,-3.3242363405260273,6.099999999999999,2,0
191,measurement,0.0582707661654179,0.084,-2.4769384801388235,16.5,6,1
192,unitary,0.0832827573454954,0.045,-3.101092789211817,6.099999999999999,2,0
193,measurement,0.0582707661654179,0.075,-2.5902671654458267,16.5,6,1
194,unitary,0.0832827573454954,0.038,-3.270169119255751,6.099999999999999,2,0
195,measurement,0.690051920067625,0.086,-2.4534079827286295,16.5,6,1
196,unitary,0.0832827573454954,0.044,-3.123565645063876,6.099999999999999,2,0
197,measurement,0.0582707661654179,0.106,-2.24431618487007,16.5,6,1
198,unitary,0.0832827573454954,0.048,-3.036554268074246,6.099999999999999,2,0
199,measurement,0.0582707661654179,0.095,-2.353878387381596,16.5,6,1
200,unitary,0.0832827573454954,0.04,-3.2188758248682006,6.099999999999999,2,0
201,measurement,0.0582707661654179,0.104,-2.2633643798407643,16.5,6,1
202,unitary,0.0832827573454954,0.039,-3.2441936328524905,6.099999999999999,2,0
203,measurement,0.0582707661654179,0.089,-2.419118909249997,16.5,6,1
204,unitary,0.0832827573454954,0.047,-3.0576076772720784,6.099999999999999,2,0
205,measurement,0.0582707661654179,0.081,-2.513306124309698,16.5,6,1
206,unitary,0.0832827573454954,0.044,-3.123565645063876,6.099999999999999,2,0
207,measurement,0.0582707661654179,0.081,-2.513306124309698,16.5,6,1
208,unitary,0.0832827573454954,0.031,-3.473768074496991,6.099999999999999,2,0
209,measurement,0.0582707661654179,0.097,-2.333044300478754,16.5,6,1
210,unitary,0.0832827573454954,0.036,-3.3242363405260273,6.099999999999999,2,0
211,measurement,0.0582707661654179,0.092,-2.385966701933097,16.5,6,1
212,unitary,0.0832827573454954,0.033,-3.4112477175156566,6.099999999999999,2,0
213,measurement,0.0582707661654179,0.099,-2.312635428847547,16.5,6,1
214,unitary,0.0832827573454954,0.052,-2.9565115604007097,6.099999999999999,2,0
215,measurement,0.0582707661654179,0.095,-2.353878387381596,16.5,6,1
216,unitary,0.0832827573454954,0.034,-3.3813947543659757,6.099999999999999,2,0
217,measurement,0.0582707661654179,0.083,-2.488914671185539,16.5,6,1
218,unitary,0.0832827573454954,0.039,-3.2441936328524905,6.099999999999999,2,0
219,measurement,0.0582707661654179,0.106,-2.24431618487007,16.5,6,1
220,unitary,0.0832827573454954,0.044,-3.123565645063876,6.099999999999999,2,0
221,measurement,0.0582707661654179,0.104,-2.2633643798407643,16.5,6,1
222,unitary,0.0832827573454954,0.04,-3.2188758248682006,6.099999999999999,2,0
223,measurement,0.0582707661654179,0.083,-2.488914671185539,16.5,6,1
224,unitary,0.0832827573454954,0.03,-3.506557897319982,6.099999999999999,2,0
225,measurement,0.0582707661654179,0.117,-2.145581344184381,16.5,6,1
226,unitary,0.0832827573454954,0.045,-3.101092789211817,6.099999999999999,2,0
227,measurement,0.0582707661654179,0.093,-2.375155785828881,16.5,6,1
228,unitary,0.0832827573454954,0.04,-3.2188758248682006,6.099999999999999,2,0
229,measurement,0.0582707661654179,0.107,-2.234926444520231,16.5,6,1
230,unitary,0.0832827573454954,0.041,-3.1941832122778293,6.099999999999999,2,0
231,measurement,0.0582707661654179,0.08,-2.5257286443082556,16.5,6,1
232,unitary,0.0832827573454954,0.048,-3.036554268074246,6.099999999999999,2,0
233,measurement,0.0582707661654179,0.102,-2.282782465697866,16.5,6,1
234,unitary,0.0832827573454954,0.02,-3.912023005428146,6.099999999999999,2,0
235,measurement,0.0582707661654179,0.093,-2.375155785828881,16.5,6,1
236,unitary,0.0832827573454954,0.04,-3.2188758248682006,6.099999999999999,2,0
237,measurement,0.0582707661654179,0.1,-2.3025850929940455,16.5,6,1
238,unitary,0.0832827573454954,0.032,-3.4420193761824103,6.099999999999999,2,0
239,measurement,0.0582707661654179,0.096,-2.3434070875143007,16.5,6,1
240,unitary,0.0832827573454954,0.032,-3.4420193761824103,6.099999999999999,2,0
241,measurement,0.0582707661654179,0.106,-2.24431618487007,16.5,6,1
242,unitary,0.0832827573454954,0.034,-3.3813947543659757,6.099999999999999,2,0
243,measurement,0.0582707661654179,0.102,-2.282782465697866,16.5,6,1
244,unitary,0.0832827573454954,0.047,-3.0576076772720784,6.099999999999999,2,0
245,measurement,0.0582707661654179,0.08,-2.5257286443082556,16.5,6,1
246,unitary,0.0832827573454954,0.039,-3.2441936328524905,6.099999999999999,2,0
247,measurement,0.0582707661654179,0.082,-2.501036031717884,16.5,6,1
248,unitary,0.0832827573454954,0.047,-3.0576076772720784,6.099999999999999,2,0
249,measurement,0.0582707661654179,0.085,-2.4651040224918206,16.5,6,1
250,unitary,0.0832827573454954,0.039,-3.2441936328524905,6.099999999999999,2,0
251,measurement,0.0582707661654179,0.102,-2.282782465697866,16.5,6,1
252,unitary,0.0832827573454954,0.033,-3.4112477175156566,6.099999999999999,2,0
253,measurement,0.0582707661654179,0.09,-2.4079456086518722,16.5,6,1
254,unitary,0.0832827573454954,0.04,-3.2188758248682006,6.099999999999999,2,0
255,measurement,0.0582707661654179,0.091,-2.396895772465287,16.5,6,1
256,unitary,0.0832827573454954,0.044,-3.123565645063876,6.099999999999999,2,0
257,measurement,0.0582707661654179,0.105,-2.2537949288246137,16.5,6,1
258,unitary,0.0832827573454954,0.039,-3.2441936328524905,6.099999999999999,2,0
259,measurement,0.0582707661654179,0.086,-2.4534079827286295,16.5,6,1
260,unitary,0.0832827573454954,0.034,-3.3813947543659757,6.099999999999999,2,0
261,measurement,0.0582707661654179,0.094,-2.364460496712133,16.5,6,1
262,unitary,0.0832827573454954,0.031,-3.473768074496991,6.099999999999999,2,0
263,measurement,0.0582707661654179,0.096,-2.3434070875143007,16.5,6,1
264,unitary,0.0832827573454954,0.039,-3.2441936328524905,6.099999999999999,2,0
265,measurement,0.0582707661654179,0.111,-2.198225077669803,16.5,6,1
266,unitary,0.0832827573454954,0.037,-3.2968373663379125,6.099999999999999,2,0
267,measurement,0.0582707661654179,0.086,-2.4534079827286295,16.5,6,1
268,unitary,0.0832827573454954,0.035,-3.3524072174927233,6.099999999999999,2,0
269,measurement,0.0582707661654179,0.084,-2.4769384801388235,16.5,6,1
270,unitary,0.0832827573454954,0.047,-3.0576076772720784,6.099999999999999,2,0
271,measurement,0.0582707661654179,0.112,-2.1892564076870427,16.5,6,1
272,unitary,0.0832827573454954,0.043,-3.146555163288575,6.099999999999999,2,0
273,measurement,0.0993634558013381,0.094,-2.364460496712133,16.5,6,1
274,unitary,0.0832827573454954,0.051,-2.9759296462578115,6.099999999999999,2,0
275,measurement,0.0582707661654179,0.093,-2.375155785828881,16.5,6,1
276,unitary,0.0832827573454954,0.036,-3.3242363405260273,6.099999999999999,2,0
277,measurement,0.0582707661654179,0.093,-2.375155785828881,16.5,6,1
278,unitary,0.0832827573454954,0.032,-3.4420193761824103,6.099999999999999,2,0
279,measurement,0.0582707661654179,0.086,-2.4534079827286295,16.5,6,1
280,unitary,0.0832827573454954,0.029,-3.540459448995663,6.099999999999999,2,0
281,measurement,0.0582707661654179,0.089,-2.419118909249997,16.5,6,1
282,unitary,0.0832827573454954,0.034,-3.3813947543659757,6.099999999999999,2,0
283,measurement,0.0582707661654179,0.079,-2.5383074265151158,16.5,6,1
284,unitary,0.0832827573454954,0.044,-3.123565645063876,6.099999999999999,2,0
285,measurement,0.0582707661654179,0.091,-2.396895772465287,16.5,6,1
286,unitary,0.0832827573454954,0.031,-3.473768074496991,6.099999999999999,2,0
287,measurement,0.0582707661654179,0.097,-2.333044300478754,16.5,6,1
288,unitary,0.0832827573454954,0.05,-2.995732273553991,6.099999999999999,2,0
289,measurement,0.0582707661654179,0.092,-2.385966701933097,16.5,6,1
290,unitary,0.0832827573454954,0.052,-2.9565115604007097,6.099999999999999,2,0
291,measurement,0.0582707661654179,0.083,-2.488914671185539,16.5,6,1
292,unitary,0.0832827573454954,0.041,-3.1941832122778293,6.099999999999999,2,0
293,measurement,0.0582707661654179,0.091,-2.396895772465287,16.5,6,1
294,unitary,0.0832827573454954,0.046,-3.079113882493042,6.099999999999999,2,0
295,measurement,0.0993634558013381,0.077,-2.563949857128453,16.5,6,1
296,unitary,0.0832827573454954,0.043,-3.146555163288575,6.099999999999999,2,0
297,measurement,0.0582707661654179,0.098,-2.322787800311565,16.5,6,1
298,unitary,0.0832827573454954,0.04,-3.2188758248682006,6.099999999999999,2,0
299,measurement,0.0582707661654179,0.093,-2.375155785828881,16.5,6,1
300,unitary,0.0832827573454954,0.053,-2.9374633654300153,6.099999999999999,2,0
301,measurement,0.0582707661654179,0.103,-2.2730262907525014,16.5,6,1
302,unitary,0.0832827573454954,0.039,-3.2441936328524905,6.099999999999999,2,0
303,measurement,0.0582707661654179,0.09,-2.4079456086518722,16.5,6,1
304,unitary,0.0832827573454954,0.045,-3.101092789211817,6.099999999999999,2,0
305,measurement,0.0582707661654179,0.1,-2.3025850929940455,16.5,6,1
306,unitary,0.0832827573454954,0.043,-3.146555163288575,6.099999999999999,2,0
307,measurement,0.0582707661654179,0.103,-2.2730262907525014,16.5,6,1
308,unitary,0.0832827573454954,0.037,-3.2968373663379125,6.099999999999999,2,0
309,measurement,0.0582707661654179,0.087,-2.4418471603275536,16.5,6,1
310,unitary,0.0832827573454954,0.044,-3.123565645063876,6.099999999999999,2,0
311,measurement,0.0582707661654179,0.101,-2.2926347621408776,16.5,6,1
312,unitary,0.0832827573454954,0.039,-3.2441936328524905,6.099999999999999,2,0
313,measurement,0.0582707661654179,0.127,-2.0635681925235456,16.5,6,1
314,unitary,0.0832827573454954,0.037,-3.2968373663379125,6.099999999999999,2,0
315,measurement,0.0582707661654179,0.091,-2.396895772465287,16.5,6,1
316,unitary,0.0832827573454954,0.038,-3.270169119255751,6.099999999999999,2,0
317,measurement,0.0582707661654179,0.106,-2.24431618487007,16.5,6,1
318,unitary,0.0832827573454954,0.038,-3.270169119255751,6.099999999999999,2,0
319,measurement,0.0582707661654179,0.087,-2.4418471603275536,16.5,6,1
320,unitary,0.0832827573454954,0.04,-3.2188758248682006,6.099999999999999,2,0
321,measurement,0.0582707661654179,0.099,-2.312635428847547,16.5,6,1
322,unitary,0.0832827573454954,0.039,-3.2441936328524905,6.099999999999999,2,0
323,measurement,0.0582707661654179,0.101,-2.2926347621408776,16.5,6,1
324,unitary,0.0832827573454954,0.034,-3.3813947543659757,6.099999999999999,2,0
325,measurement,0.0582707661654179,0.091,-2.396895772465287,16.5,6,1
326,unitary,0.0832827573454954,0.04,-3.2188758248682006,6.099999999999999,2,0
327,measurement,0.0582707661654179,0.112,-2.1892564076870427,16.5,6,1
328,unitary,0.0832827573454954,0.037,-3.2968373663379125,6.099999999999999,2,0
329,measurement,0.0582707661654179,0.105,-2.2537949288246137,16.5,6,1
330,unitary,0.0832827573454954,0.04,-3.2188758248682006,6.099999999999999,2,0
331,measurement,0.0582707661654179,0.089,-2.419118909249997,16.5,6,1
332,unitary,0.0832827573454954,0.035,-3.3524072174927233,6.099999999999999,2,0
333,measurement,0.0582707661654179,0.104,-2.2633643798407643,16.5,6,1
334,unitary,0.0832827573454954,0.039,-3.2441936328524905,6.099999999999999,2,0
335,measurement,0.0582707661654179,0.106,-2.24431618487007,16.5,6,1
336,unitary,0.0832827573454954,0.043,-3.146555163288575,6.099999999999999,2,0
337,measurement,0.0582707661654179,0.098,-2.322787800311565,16.5,6,1
338,unitary,0.0832827573454954,0.038,-3.270169119255751,6.099999999999999,2,0
339,measurement,0.0582707661654179,0.095,-2.353878387381596,16.5,6,1
340,unitary,0.0832827573454954,0.044,-3.123565645063876,6.099999999999999,2,0
341,measurement,0.0582707661654179,0.09,-2.4079456086518722,16.5,6,1
342,unitary,0.0832827573454954,0.038,-3.270169119255751,6.099999999999999,2,0
343,measurement,0.0582707661654179,0.085,-2.4651040224918206,16.5,6,1
344,unitary,0.0832827573454954,0.039,-3.2441936328524905,6.099999999999999,2,0
345,measurement,0.0582707661654179,0.105,-2.2537949288246137,16.5,6,1
346,unitary,0.0832827573454954,0.036,-3.3242363405260273,6.099999999999999,2,0
347,measurement,0.0582707661654179,0.077,-2.563949857128453,16.5,6,1
348,unitary,0.0832827573454954,0.034,-3.3813947543659757,6.099999999999999,2,0
349,measurement,0.0582707661654179,0.086,-2.4534079827286295,16.5,6,1
350,unitary,0.0832827573454954,0.037,-3.2968373663379125,6.099999999999999,2,0
351,measurement,0.0582707661654179,0.085,-2.4651040224918206,16.5,6,1
352,unitary,0.0832827573454954,0.037,-3.2968373663379125,6.099999999999999,2,0
353,measurement,0.0582707661654179,0.088,-2.430418464503931,16.5,6,1
354,unitary,0.0832827573454954,0.033,-3.4112477175156566,6.099999999999999,2,0
355,measurement,0.10202098226596898,0.106,-2.24431618487007,16.5,6,1
356,unitary,0.0832827573454954,0.029,-3.540459448995663,6.099999999999999,2,0
357,measurement,0.0582707661654179,0.081,-2.513306124309698,16.5,6,1
358,unitary,0.0832827573454954,0.053,-2.9374633654300153,6.099999999999999,2,0
359,measurement,0.0582707661654179,0.082,-2.501036031717884,16.5,6,1
360,unitary,0.0832827573454954,0.028,-3.575550768806933,6.099999999999999,2,0
361,measurement,0.0582707661654179,0.114,-2.1715568305876416,16.5,6,1
362,unitary,0.0832827573454954,0.04,-3.2188758248682006,6.099999999999999,2,0
363,measurement,0.0582707661654179,0.107,-2.234926444520231,16.5,6,1
364,unitary,0.0832827573454954,0.04,-3.2188758248682006,6.099999999999999,2,0
365,measurement,0.0582707661654179,0.094,-2.364460496712133,16.5,6,1
366,unitary,0.0832827573454954,0.032,-3.4420193761824103,6.099999999999999,2,0
367,measurement,0.0582707661654179,0.095,-2.353878387381596,16.5,6,1
368,unitary,0.0832827573454954,0.047,-3.0576076772720784,6.099999999999999,2,0
369,measurement,0.0582707661654179,0.088,-2.430418464503931,16.5,6,1
370,unitary,0.0832827573454954,0.042,-3.170085660698769,6.099999999999999,2,0
371,measurement,0.0582707661654179,0.1,-2.3025850929940455,16.5,6,1
372,unitary,0.0832827573454954,0.038,-3.270169119255751,6.099999999999999,2,0
373,measurement,0.0582707661654179,0.084,-2.4769384801388235,16.5,6,1
374,unitary,0.0832827573454954,0.037,-3.2968373663379125,6.099999999999999,2,0
375,measurement,0.0582707661654179,0.093,-2.375155785828881,16.5,6,1
376,unitary,0.0832827573454954,0.036,-3.3242363405260273,6.099999999999999,2,0
377,measurement,0.0582707661654179,0.084,-2.4769384801388235,16.5,6,1
378,unitary,0.0832827573454954,0.031,-3.473768074496991,6.099999999999999,2,0
379,measurement,0.0582707661654179,0.1,-2.3025850929940455,16.5,6,1
380,unitary,0.0832827573454954,0.037,-3.2968373663379125,6.099999999999999,2,0
381,measurement,0.0582707661654179,0.098,-2.322787800311565,16.5,6,1
382,unitary,0.0832827573454954,0.049,-3.0159349808715104,6.099999999999999,2,0
383,measurement,0.0582707661654179,0.1,-2.3025850929940455,16.5,6,1
384,unitary,0.0832827573454954,0.037,-3.2968373663379125,6.099999999999999,2,0
385,measurement,0.0582707661654179,0.101,-2.2926347621408776,16.5,6,1
386,unitary,0.0832827573454954,0.04,-3.2188758248682006,6.099999999999999,2,0
387,measurement,0.0582707661654179,0.098,-2.322787800311565,16.5,6,1
388,unitary,0.0832827573454954,0.035,-3.3524072174927233,6.099999999999999,2,0
389,measurement,0.0582707661654179,0.079,-2.5383074265151158,16.5,6,1
390,unitary,0.0832827573454954,0.03,-3.506557897319982,6.099999999999999,2,0
391,measurement,0.0582707661654179,0.074,-2.6036901857779675,16.5,6,1
392,unitary,0.0832827573454954,0.03,-3.506557897319982,6.099999999999999,2,0
393,measurement,0.0582707661654179,0.075,-2.5902671654458267,16.5,6,1
394,unitary,0.0832827573454954,0.036,-3.3242363405260273,6.099999999999999,2,0
395,measurement,0.0582707661654179,0.1,-2.3025850929940455,16.5,6,1
396,unitary,0.0832827573454954,0.041,-3.1941832122778293,6.099999999999999,2,0
397,measurement,0.0582707661654179,0.083,-2.488914671185539,16.5,6,1
398,unitary,0.0832827573454954,0.042,-3.170085660698769,6.099999999999999,2,0
399,measurement,0.0582707661654179,0.102,-2.282782465697866,16.5,6,1
400,unitary,0.0832827573454954,0.031,-3.473768074496991,6.099999999999999,2,0
401,measurement,0.0582707661654179,0.075,-2.5902671654458267,16.5,6,1
402,unitary,0.0832827573454954,0.034,-3.3813947543659757,6.099999999999999,2,0
403,measurement,0.0582707661654179,0.088,-2.430418464503931,16.5,6,1
404,unitary,0.0832827573454954,0.037,-3.2968373663379125,6.099999999999999,2,0
405,measurement,0.0582707661654179,0.105,-2.2537949288246137,16.5,6,1
406,unitary,0.0832827573454954,0.048,-3.036554268074246,6.099999999999999,2,0
407,measurement,0.0582707661654179,0.106,-2.24431618487007,16.5,6,1
408,unitary,0.0832827573454954,0.045,-3.101092789211817,6.099999999999999,2,0
409,measurement,0.0582707661654179,0.077,-2.563949857128453,16.5,6,1
410,unitary,0.0832827573454954,0.039,-3.2441936328524905,6.099999999999999,2,0
411,measurement,0.0582707661654179,0.094,-2.364460496712133,16.5,6,1
412,unitary,0.0832827573454954,0.027,-3.611918412977808,6.099999999999999,2,0
413,measurement,0.0582707661654179,0.091,-2.396895772465287,16.5,6,1
414,unitary,0.0832827573454954,0.044,-3.123565645063876,6.099999999999999,2,0
415,measurement,0.0582707661654179,0.097,-2.333044300478754,16.5,6,1
416,unitary,0.0832827573454954,0.042,-3.170085660698769,6.099999999999999,2,0
417,measurement,0.0582707661654179,0.089,-2.419118909249997,16.5,6,1
418,unitary,0.0832827573454954,0.033,-3.4112477175156566,6.099999999999999,2,0
419,measurement,0.0582707661654179,0.094,-2.364460496712133,16.5,6,1
420,unitary,0.0832827573454954,0.045,-3.101092789211817,6.099999999999999,2,0
421,measurement,0.0582707661654179,0.098,-2.322787800311565,16.5,6,1
422,unitary,0.0832827573454954,0.034,-3.3813947543659757,6.099999999999999,2,0
423,measurement,0.0582707661654179,0.093,-2.375155785828881,16.5,6,1
424,unitary,0.0832827573454954,0.039,-3.2441936328524905,6.099999999999999,2,0
425,measurement,0.0582707661654179,0.087,-2.4418471603275536,16.5,6,1
426,unitary,0.0832827573454954,0.035,-3.3524072174927233,6.099999999999999,2,0
427,measurement,0.0582707661654179,0.108,-2.2256240518579173,16.5,6,1
428,unitary,0.0832827573454954,0.038,-3.270169119255751,6.099999999999999,2,0
429,measurement,0.0582707661654179,0.09,-2.4079456086518722,16.5,6,1
430,unitary,0.0832827573454954,0.038,-3.270169119255751,6.099999999999999,2,0
431,measurement,0.0582707661654179,0.097,-2.333044300478754,16.5,6,1
432,unitary,0.0832827573454954,0.035,-3.3524072174927233,6.099999999999999,2,0
433,measurement,0.0582707661654179,0.092,-2.385966701933097,16.5,6,1
434,unitary,0.0832827573454954,0.034,-3.3813947543659757,6.099999999999999,2,0
435,measurement,0.0582707661654179,0.088,-2.430418464503931,16.5,6,1
436,unitary,0.0832827573454954,0.03,-3.506557897319982,6.099999999999999,2,0
437,measurement,0.0582707661654179,0.099,-2.312635428847547,16.5,6,1
438,unitary,0.0832827573454954,0.043,-3.146555163288575,6.099999999999999,2,0
439,measurement,0.0582707661654179,0.111,-2.198225077669803,16.5,6,1
440,unitary,0.0832827573454954,0.037,-3.2968373663379125,6.099999999999999,2,0
441,measurement,0.0582707661654179,0.099,-2.312635428847547,16.5,6,1
442,unitary,0.0832827573454954,0.035,-3.3524072174927233,6.099999999999999,2,0
443,measurement,0.0582707661654179,0.092,-2.385966701933097,16.5,6,1
444,unitary,0.0832827573454954,0.044,-3.123565645063876,6.099999999999999,2,0
445,measurement,0.0582707661654179,0.099,-2.312635428847547,16.5,6,1
446,unitary,0.0832827573454954,0.042,-3.170085660698769,6.099999999999999,2,0
447,measurement,0.0582707661654179,0.105,-2.2537949288246137,16.5,6,1
448,unitary,0.0832827573454954,0.027,-3.611918412977808,6.099999999999999,2,0
449,measurement,0.0582707661654179,0.091,-2.396895772465287,16.5,6,1
450,unitary,0.0832827573454954,0.05,-2.995732273553991,6.099999999999999,2,0
451,measurement,0.0582707661654179,0.107,-2.234926444520231,16.5,6,1
452,unitary,0.0832827573454954,0.038,-3.270169119255751,6.099999999999999,2,0
453,measurement,0.0582707661654179,0.096,-2.3434070875143007,16.5,6,1
454,unitary,0.0832827573454954,0.05,-2.995732273553991,6.099999999999999,2,0
455,measurement,0.0582707661654179,0.089,-2.419118909249997,16.5,6,1
456,unitary,0.0832827573454954,0.043,-3.146555163288575,6.099999999999999,2,0
457,measurement,0.0582707661654179,0.084,-2.4769384801388235,16.5,6,1
458,unitary,0.0832827573454954,0.035,-3.3524072174927233,6.099999999999999,2,0
459,measurement,0.0582707661654179,0.087,-2.4418471603275536,16.5,6,1
460,unitary,0.0832827573454954,0.039,-3.2441936328524905,6.099999999999999,2,0
461,measurement,0.0582707661654179,0.082,-2.501036031717884,16.5,6,1
462,unitary,0.0832827573454954,0.03,-3.506557897319982,6.099999999999999,2,0
463,measurement,0.0582707661654179,0.094,-2.364460496712133,16.5,6,1
464,unitary,0.0832827573454954,0.038,-3.270169119255751,6.099999999999999,2,0
465,measurement,0.0582707661654179,0.097,-2.333044300478754,16.5,6,1
466,unitary,0.0832827573454954,0.04,-3.2188758248682006,6.099999999999999,2,0
467,measurement,0.0582707661654179,0.103,-2.2730262907525014,16.5,6,1
468,unitary,0.0832827573454954,0.046,-3.079113882493042,6.099999999999999,2,0
469,measurement,0.0582707661654179,0.087,-2.4418471603275536,16.5,6,1
470,unitary,0.0832827573454954,0.043,-3.146555163288575,6.099999999999999,2,0
471,measurement,0.0582707661654179,0.112,-2.1892564076870427,16.5,6,1
472,unitary,0.0832827573454954,0.036,-3.3242363405260273,6.099999999999999,2,0
473,measurement,0.11917171608563353,0.111,-2.198225077669803,16.5,6,1
474,unitary,0.0832827573454954,0.034,-3.3813947543659757,6.099999999999999,2,0
475,measurement,0.0582707661654179,0.098,-2.322787800311565,16.5,6,1
476,unitary,0.0832827573454954,0.039,-3.2441936328524905,6.099999999999999,2,0
477,measurement,0.0582707661654179,0.107,-2.234926444520231,16.5,6,1
478,unitary,0.0832827573454954,0.039,-3.2441936328524905,6.099999999999999,2,0
479,measurement,0.0582707661654179,0.087,-2.4418471603275536,16.5,6,1
480,unitary,0.0832827573454954,0.034,-3.3813947543659757,6.099999999999999,2,0
481,measurement,0.0582707661654179,0.087,-2.4418471603275536,16.5,6,1
482,unitary,0.0832827573454954,0.037,-3.2968373663379125,6.099999999999999,2,0
483,measurement,0.0582707661654179,0.113,-2.1803674602697964,16.5,6,1
484,unitary,0.0832827573454954,0.042,-3.170085660698769,6.099999999999999,2,0
485,measurement,0.0582707661654179,0.092,-2.385966701933097,16.5,6,1
486,unitary,0.0832827573454954,0.041,-3.1941832122778293,6.099999999999999,2,0
487,measurement,0.0582707661654179,0.091,-2.396895772465287,16.5,6,1
488,unitary,0.0832827573454954,0.041,-3.1941832122778293,6.099999999999999,2,0
489,measurement,0.0582707661654179,0.094,-2.364460496712133,16.5,6,1
490,unitary,0.0832827573454954,0.038,-3.270169119255751,6.099999999999999,2,0
491,measurement,0.690051920067625,0.089,-2.419118909249997,16.5,6,1
492,unitary,0.0832827573454954,0.031,-3.473768074496991,6.099999999999999,2,0
493,measurement,0.11917171608563353,0.107,-2.234926444520231,16.5,6,1
494,unitary,0.0832827573454954,0.04,-3.2188758248682006,6.099999999999999,2,0
495,measurement,0.0582707661654179,0.094,-2.364460496712133,16.5,6,1
496,unitary,0.0832827573454954,0.041,-3.1941832122778293,6.099999999999999,2,0
497,measurement,0.0582707661654179,0.11,-2.2072749131897207,16.5,6,1
498,unitary,0.0832827573454954,0.036,-3.3242363405260273,6.099999999999999,2,0
499,measurement,0.0582707661654179,0.1,-2.3025850929940455,16.5,6,1
500,unitary,0.0832827573454954,0.042,-3.170085660698769,6.099999999999999,2,0
501,measurement,0.05935100405591912,0.086,-2.4534079827286295,16.5,6,1
502,unitary,0.0832827573454954,0.036,-3.3242363405260273,6.099999999999999,2,0
503,measurement,0.0582707661654179,0.084,-2.4769384801388235,16.5,6,1
504,unitary,0.0832827573454954,0.051,-2.9759296462578115,6.099999999999999,2,0
505,measurement,0.0582707661654179,0.086,-2.4534079827286295,16.5,6,1
506,unitary,0.0832827573454954,0.033,-3.4112477175156566,6.099999999999999,2,0
507,measurement,0.0582707661654179,0.104,-2.2633643798407643,16.5,6,1
508,unitary,0.0832827573454954,0.042,-3.170085660698769,6.099999999999999,2,0
509,measurement,0.0582707661654179,0.087,-2.4418471603275536,16.5,6,1
510,unitary,0.0832827573454954,0.04,-3.2188758248682006,6.099999999999999,2,0
511,measurement,0.0582707661654179,0.108,-2.2256240518579173,16.5,6,1
512,unitary,0.0832827573454954,0.061,-2.796881414808826,6.099999999999999,2,0
513,measurement,0.0582707661654179,0.096,-2.3434070875143007,16.5,6,1
514,unitary,0.0832827573454954,0.041,-3.1941832122778293,6.099999999999999,2,0
515,measurement,0.0582707661654179,0.089,-2.419118909249997,16.5,6,1
516,unitary,0.0832827573454954,0.029,-3.540459448995663,6.099999999999999,2,0
517,measurement,0.0582707661654179,0.102,-2.282782465697866,16.5,6,1
518,unitary,0.0832827573454954,0.043,-3.146555163288575,6.099999999999999,2,0
519,measurement,0.0582707661654179,0.079,-2.5383074265151158,16.5,6,1
520,unitary,0.0832827573454954,0.037,-3.2968373663379125,6.099999999999999,2,0
521,measurement,0.0582707661654179,0.106,-2.24431618487007,16.5,6,1
522,unitary,0.0832827573454954,0.045,-3.101092789211817,6.099999999999999,2,0
523,measurement,0.0582707661654179,0.09,-2.4079456086518722,16.5,6,1
524,unitary,0.0832827573454954,0.037,-3.2968373663379125,6.099999999999999,2,0
525,measurement,0.0582707661654179,0.087,-2.4418471603275536,16.5,6,1
526,unitary,0.0832827573454954,0.032,-3.4420193761824103,6.099999999999999,2,0
527,measurement,0.0582707661654179,0.099,-2.312635428847547,16.5,6,1
528,unitary,0.0832827573454954,0.042,-3.170085660698769,6.099999999999999,2,0
529,measurement,0.0582707661654179,0.11,-2.2072749131897207,16.5,6,1
530,unitary,0.0832827573454954,0.028,-3.575550768806933,6.099999999999999,2,0
531,measurement,0.0582707661654179,0.097,-2.333044300478754,16.5,6,1
532,unitary,0.0832827573454954,0.043,-3.146555163288575,6.099999999999999,2,0
533,measurement,0.0582707661654179,0.099,-2.312635428847547,16.5,6,1
534,unitary,0.0832827573454954,0.048,-3.036554268074246,6.099999999999999,2,0
535,measurement,0.0582707661654179,0.081,-2.513306124309698,16.5,6,1
536,unitary,0.0832827573454954,0.035,-3.3524072174927233,6.099999999999999,2,0
537,measurement,0.0582707661654179,0.095,-2.353878387381596,16.5,6,1
538,unitary,0.0832827573454954,0.051,-2.9759296462578115,6.099999999999999,2,0
539,measurement,0.6931471554088746,0.095,-2.353878387381596,16.5,6,1
540,unitary,0.0832827573454954,0.043,-3.146555163288575,6.099999999999999,2,0
541,measurement,0.0582707661654179,0.094,-2.364460496712133,16.5,6,1
542,unitary,0.0832827573454954,0.035,-3.3524072174927233,6.099999999999999,2,0
543,measurement,0.0582707661654179,0.088,-2.430418464503931,16.5,6,1
544,unitary,0.0832827573454954,0.042,-3.170085660698769,6.099999999999999,2,0
545,measurement,0.0582707661654179,0.101,-2.2926347621408776,16.5,6,1
546,unitary,0.0832827573454954,0.048,-3.036554268074246,6.099999999999999,2,0
547,measurement,0.0582707661654179,0.091,-2.396895772465287,16.5,6,1
548,unitary,0.0832827573454954,0.044,-3.123565645063876,6.099999999999999,2,0
549,measurement,0.0582707661654179,0.089,-2.419118909249997,16.5,6,1
550,unitary,0.0832827573454954,0.047,-3.0576076772720784,6.099999999999999,2,0
551,measurement,0.05935100405591912,0.094,-2.364460496712133,16.5,6,1
552,unitary,0.0832827573454954,0.041,-3.1941832122778293,6.099999999999999,2,0
553,measurement,0.0582707661654179,0.093,-2.375155785828881,16.5,6,1
554,unitary,0.0832827573454954,0.035,-3.3524072174927233,6.099999999999999,2,0
555,measurement,0.0582707661654179,0.089,-2.419118909249997,16.5,6,1
556,unitary,0.0832827573454954,0.03,-3.506557897319982,6.099999999999999,2,0
557,measurement,0.0582707661654179,0.087,-2.4418471603275536,16.5,6,1
558,unitary,0.0832827573454954,0.042,-3.170085660698769,6.099999999999999,2,0
559,measurement,0.0582707661654179,0.109,-2.2164073967529934,16.5,6,1
560,unitary,0.0832827573454954,0.036,-3.3242363405260273,6.099999999999999,2,0
561,measurement,0.0582707661654179,0.095,-2.353878387381596,16.5,6,1
562,unitary,0.0832827573454954,0.046,-3.079113882493042,6.099999999999999,2,0
563,measurement,0.0582707661654179,0.108,-2.2256240518579173,16.5,6,1
564,unitary,0.0832827573454954,0.042,-3.170085660698769,6.099999999999999,2,0
565,measurement,0.11917171608563353,0.098,-2.322787800311565,16.5,6,1
566,unitary,0.0832827573454954,0.033,-3.4112477175156566,6.099999999999999,2,0
567,measurement,0.0582707661654179,0.102,-2.282782465697866,16.5,6,1
568,unitary,0.0832827573454954,0.052,-2.9565115604007097,6.099999999999999,2,0
569,measurement,0.0582707661654179,0.097,-2.333044300478754,16.5,6,1
570,unitary,0.0832827573454954,0.027,-3.611918412977808,6.099999999999999,2,0
571,measurement,0.0582707661654179,0.09,-2.4079456086518722,16.5,6,1
572,unitary,0.0832827573454954,0.04,-3.2188758248682006,6.099999999999999,2,0
573,measurement,0.0582707661654179,0.094,-2.364460496712133,16.5,6,1
574,unitary,0.0832827573454954,0.038,-3.270169119255751,6.099999999999999,2,0
575,measurement,0.0582707661654179,0.104,-2.2633643798407643,16.5,6,1
576,unitary,0.0832827573454954,0.04,-3.2188758248682006,6.099999999999999,2,0
577,measurement,0.0582707661654179,0.104,-2.2633643798407643,16.5,6,1
578,unitary,0.0832827573454954,0.034,-3.3813947543659757,6.099999999999999,2,0
579,measurement,0.0582707661654179,0.09,-2.4079456086518722,16.5,6,1
580,unitary,0.0832827573454954,0.036,-3.3242363405260273,6.099999999999999,2,0
581,measurement,0.6931471554088746,0.089,-2.419118909249997,16.5,6,1
582,unitary,0.0832827573454954,0.031,-3.473768074496991,6.099999999999999,2,0
583,measurement,0.0582707661654179,0.11,-2.2072749131897207,16.5,6,1
584,unitary,0.0832827573454954,0.026,-3.649658740960655,6.099999999999999,2,0
585,measurement,0.06782052788046526,0.101,-2.2926347621408776,16.5,6,1
586,unitary,0.0832827573454954,0.047,-3.0576076772720784,6.099999999999999,2,0
587,measurement,0.690051920067625,0.083,-2.488914671185539,16.5,6,1
588,unitary,0.0832827573454954,0.039,-3.2441936328524905,6.099999999999999,2,0
589,measurement,0.0582707661654179,0.092,-2.385966701933097,16.5,6,1
590,unitary,0.0832827573454954,0.039,-3.2441936328524905,6.099999999999999,2,0
591,measurement,0.0582707661654179,0.096,-2.3434070875143007,16.5,6,1
592,unitary,0.0832827573454954,0.046,-3.079113882493042,6.099999999999999,2,0
593,measurement,0.0582707661654179,0.107,-2.234926444520231,16.5,6,1
594,unitary,0.0832827573454954,0.036,-3.3242363405260273,6.099999999999999,2,0
595,measurement,0.0582707661654179,0.096,-2.3434070875143007,16.5,6,1
596,unitary,0.0832827573454954,0.04,-3.2188758248682006,6.099999999999999,2,0
597,measurement,0.0582707661654179,0.091,-2.396895772465287,16.5,6,1
598,unitary,0.0832827573454954,0.041,-3.1941832122778293,6.099999999999999,2,0
599,measurement,0.0582707661654179,0.088,-2.430418464503931,16.5,6,1
600,unitary,0.0832827573454954,0.029,-3.540459448995663,6.099999999999999,2,0
601,measurement,0.0582707661654179,0.099,-2.312635428847547,16.5,6,1
602,unitary,0.0832827573454954,0.045,-3.101092789211817,6.099999999999999,2,0
603,measurement,0.0582707661654179,0.072,-2.631089159966082,16.5,6,1
604,unitary,0.0832827573454954,0.038,-3.270169119255751,6.099999999999999,2,0
605,measurement,0.0582707661654179,0.104,-2.2633643798407643,16.5,6,1
606,unitary,0.0832827573454954,0.038,-3.270169119255751,6.099999999999999,2,0
607,measurement,0.0582707661654179,0.094,-2.364460496712133,16.5,6,1
608,unitary,0.0832827573454954,0.037,-3.2968373663379125,6.099999999999999,2,0
609,measurement,0.0582707661654179,0.089,-2.419118909249997,16.5,6,1
610,unitary,0.0832827573454954,0.038,-3.270169119255751,6.099999999999999,2,0
611,measurement,0.0582707661654179,0.099,-2.312635428847547,16.5,6,1
612,unitary,0.0832827573454954,0.036,-3.3242363405260273,6.099999999999999,2,0
613,measurement,0.0582707661654179,0.101,-2.2926347621408776,16.5,6,1
614,unitary,0.0832827573454954,0.033,-3.4112477175156566,6.099999999999999,2,0
615,measurement,0.0582707661654179,0.097,-2.333044300478754,16.5,6,1
616,unitary,0.0832827573454954,0.056,-2.8824035882469876,6.099999999999999,2,0
617,measurement,0.0582707661654179,0.089,-2.419118909249997,16.5,6,1
618,unitary,0.0832827573454954,0.038,-3.270169119255751,6.099999999999999,2,0
619,measurement,0.0582707661654179,0.098,-2.322787800311565,16.5,6,1
620,unitary,0.0832827573454954,0.032,-3.4420193761824103,6.099999999999999,2,0
621,measurement,0.0582707661654179,0.104,-2.2633643798407643,16.5,6,1
622,unitary,0.0832827573454954,0.034,-3.3813947543659757,6.099999999999999,2,0
623,measurement,0.0582707661654179,0.104,-2.2633643798407643,16.5,6,1
624,unitary,0.0832827573454954,0.039,-3.2441936328524905,6.099999999999999,2,0
625,measurement,0.0582707661654179,0.086,-2.4534079827286295,16.5,6,1
626,unitary,0.0832827573454954,0.046,-3.079113882493042,6.099999999999999,2,0
627,measurement,0.0582707661654179,0.091,-2.396895772465287,16.5,6,1
628,unitary,0.0832827573454954,0.035,-3.3524072174927233,6.099999999999999,2,0
629,measurement,0.0582707661654179,0.099,-2.312635428847547,16.5,6,1
630,unitary,0.0832827573454954,0.041,-3.1941832122778293,6.099999999999999,2,0
631,measurement,0.0582707661654179,0.099,-2.312635428847547,16.5,6,1
632,unitary,0.0832827573454954,0.032,-3.4420193761824103,6.099999999999999,2,0
633,measurement,0.0582707661654179,0.091,-2.396895772465287,16.5,6,1
634,unitary,0.0832827573454954,0.033,-3.4112477175156566,6.099999999999999,2,0
635,measurement,0.0582707661654179,0.087,-2.4418471603275536,16.5,6,1
636,unitary,0.0832827573454954,0.035,-3.3524072174927233,6.099999999999999,2,0
637,measurement,0.0582707661654179,0.107,-2.234926444520231,16.5,6,1
638,unitary,0.0832827573454954,0.041,-3.1941832122778293,6.099999999999999,2,0
639,measurement,0.0582707661654179,0.103,-2.2730262907525014,16.5,6,1
640,unitary,0.0832827573454954,0.035,-3.3524072174927233,6.099999999999999,2,0
641,measurement,0.0582707661654179,0.099,-2.312635428847547,16.5,6,1
642,unitary,0.0832827573454954,0.035,-3.3524072174927233,6.099999999999999,2,0
643,measurement,0.0582707661654179,0.094,-2.364460496712133,16.5,6,1
644,unitary,0.0832827573454954,0.038,-3.270169119255751,6.099999999999999,2,0
645,measurement,0.0582707661654179,0.087,-2.4418471603275536,16.5,6,1
646,unitary,0.0832827573454954,0.049,-3.0159349808715104,6.099999999999999,2,0
647,measurement,0.0582707661654179,0.103,-2.2730262907525014,16.5,6,1
648,unitary,0.0832827573454954,0.044,-3.123565645063876,6.099999999999999,2,0
649,measurement,0.0582707661654179,0.095,-2.353878387381596,16.5,6,1
650,unitary,0.0832827573454954,0.033,-3.4112477175156566,6.099999999999999,2,0
651,measurement,0.0582707661654179,0.1,-2.3025850929940455,16.5,6,1
652,unitary,0.0832827573454954,0.039,-3.2441936328524905,6.099999999999999,2,0
653,measurement,0.0582707661654179,0.086,-2.4534079827286295,16.5,6,1
654,unitary,0.0832827573454954,0.03,-3.506557897319982,6.099999999999999,2,0
655,measurement,0.0582707661654179,0.096,-2.3434070875143007,16.5,6,1
656,unitary,0.0832827573454954,0.034,-3.3813947543659757,6.099999999999999,2,0
657,measurement,0.0582707661654179,0.096,-2.3434070875143007,16.5,6,1
658,unitary,0.0832827573454954,0.031,-3.473768074496991,6.099999999999999,2,0
659,measurement,0.0582707661654179,0.086,-2.4534079827286295,16.5,6,1
660,unitary,0.0832827573454954,0.041,-3.1941832122778293,6.099999999999999,2,0
661,measurement,0.0582707661654179,0.098,-2.322787800311565,16.5,6,1
662,unitary,0.0832827573454954,0.037,-3.2968373663379125,6.099999999999999,2,0
663,measurement,0.10263277330000367,0.078,-2.551046452292545,16.5,6,1
664,unitary,0.0832827573454954,0.032,-3.4420193761824103,6.099999999999999,2,0
665,measurement,0.0582707661654179,0.1,-2.3025850929940455,16.5,6,1
666,unitary,0.0832827573454954,0.043,-3.146555163288575,6.099999999999999,2,0
667,measurement,0.0582707661654179,0.087,-2.4418471603275536,16.5,6,1
668,unitary,0.0832827573454954,0.05,-2.995732273553991,6.099999999999999,2,0
669,measurement,0.0582707661654179,0.09,-2.4079456086518722,16.5,6,1
670,unitary,0.0832827573454954,0.034,-3.3813947543659757,6.099999999999999,2,0
671,measurement,0.0582707661654179,0.098,-2.322787800311565,16.5,6,1
672,unitary,0.0832827573454954,0.04,-3.2188758248682006,6.099999999999999,2,0
673,measurement,0.0582707661654179,0.102,-2.282782465697866,16.5,6,1
674,unitary,0.0832827573454954,0.048,-3.036554268074246,6.099999999999999,2,0
675,measurement,0.0582707661654179,0.099,-2.312635428847547,16.5,6,1
676,unitary,0.0832827573454954,0.046,-3.079113882493042,6.099999999999999,2,0
677,measurement,0.0582707661654179,0.095,-2.353878387381596,16.5,6,1
678,unitary,0.0832827573454954,0.041,-3.1941832122778293,6.099999999999999,2,0
679,measurement,0.0582707661654179,0.099,-2.312635428847547,16.5,6,1
680,unitary,0.0832827573454954,0.039,-3.2441936328524905,6.099999999999999,2,0
681,measurement,0.0582707661654179,0.085,-2.4651040224918206,16.5,6,1
682,unitary,0.0832827573454954,0.035,-3.3524072174927233,6.099999999999999,2,0
683,measurement,0.0582707661654179,0.095,-2.353878387381596,16.5,6,1
684,unitary,0.0832827573454954,0.035,-3.3524072174927233,6.099999999999999,2,0
685,measurement,0.0582707661654179,0.08,-2.5257286443082556,16.5,6,1
686,unitary,0.0832827573454954,0.036,-3.3242363405260273,6.099999999999999,2,0
687,measurement,0.0582707661654179,0.109,-2.2164073967529934,16.5,6,1
688,unitary,0.0832827573454954,0.034,-3.3813947543659757,6.099999999999999,2,0
689,measurement,0.0582707661654179,0.095,-2.353878387381596,16.5,6,1
690,unitary,0.0832827573454954,0.029,-3.540459448995663,6.099999999999999,2,0
691,measurement,0.0582707661654179,0.101,-2.2926347621408776,16.5,6,1
692,unitary,0.0832827573454954,0.051,-2.9759296462578115,6.099999999999999,2,0
693,measurement,0.0582707661654179,0.11,-2.2072749131897207,16.5,6,1
694,unitary,0.0832827573454954,0.044,-3.123565645063876,6.099999999999999,2,0
695,measurement,0.0582707661654179,0.091,-2.396895772465287,16.5,6,1
696,unitary,0.0832827573454954,0.042,-3.170085660698769,6.099999999999999,2,0
697,measurement,0.0993634558013381,0.093,-2.375155785828881,16.5,6,1
698,unitary,0.0832827573454954,0.037,-3.2968373663379125,6.099999999999999,2,0
699,measurement,0.0582707661654179,0.105,-2.2537949288246137,16.5,6,1
700,unitary,0.0832827573454954,0.036,-3.3242363405260273,6.099999999999999,2,0
701,measurement,0.0582707661654179,0.098,-2.322787800311565,16.5,6,1
702,unitary,0.0832827573454954,0.043,-3.146555163288575,6.099999999999999,2,0
703,measurement,0.0582707661654179,0.09,-2.4079456086518722,16.5,6,1
704,unitary,0.0832827573454954,0.043,-3.146555163288575,6.099999999999999,2,0
705,measurement,0.0582707661654179,0.095,-2.353878387381596,16.5,6,1
706,unitary,0.0832827573454954,0.044,-3.123565645063876,6.099999999999999,2,0
707,measurement,0.0582707661654179,0.106,-2.24431618487007,16.5,6,1
708,unitary,0.0832827573454954,0.032,-3.4420193761824103,6.099999999999999,2,0
709,measurement,0.0582707661654179,0.104,-2.2633643798407643,16.5,6,1
710,unitary,0.0832827573454954,0.034,-3.3813947543659757,6.099999999999999,2,0
711,measurement,0.0582707661654179,0.101,-2.2926347621408776,16.5,6,1
712,unitary,0.0832827573454954,0.038,-3.270169119255751,6.099999999999999,2,0
713,measurement,0.0582707661654179,0.089,-2.419118909249997,16.5,6,1
714,unitary,0.0832827573454954,0.042,-3.170085660698769,6.099999999999999,2,0
715,measurement,0.0582707661654179,0.092,-2.385966701933097,16.5,6,1
716,unitary,0.0832827573454954,0.042,-3.170085660698769,6.099999999999999,2,0
717,measurement,0.0582707661654179,0.112,-2.1892564076870427,16.5,6,1
718,unitary,0.0832827573454954,0.048,-3.036554268074246,6.099999999999999,2,0
719,measurement,0.0582707661654179,0.103,-2.2730262907525014,16.5,6,1
720,unitary,0.0832827573454954,0.048,-3.036554268074246,6.099999999999999,2,0
721,measurement,0.0582707661654179,0.105,-2.2537949288246137,16.5,6,1
722,unitary,0.0832827573454954,0.041,-3.1941832122778293,6.099999999999999,2,0
723,measurement,0.0582707661654179,0.109,-2.2164073967529934,16.5,6,1
724,unitary,0.0832827573454954,0.042,-3.170085660698769,6.099999999999999,2,0
725,measurement,0.0582707661654179,0.078,-2.551046452292545,16.5,6,1
726,unitary,0.0832827573454954,0.028,-3.575550768806933,6.099999999999999,2,0
727,measurement,0.0582707661654179,0.105,-2.2537949288246137,16.5,6,1
728,unitary,0.0832827573454954,0.027,-3.611918412977808,6.099999999999999,2,0
729,measurement,0.0582707661654179,0.103,-2.2730262907525014,16.5,6,1
730,unitary,0.0832827573454954,0.054,-2.9187712324178627,6.099999999999999,2,0
731,measurement,0.0582707661654179,0.086,-2.4534079827286295,16.5,6,1
732,unitary,0.0832827573454954,0.037,-3.2968373663379125,6.099999999999999,2,0
733,measurement,0.0582707661654179,0.088,-2.430418464503931,16.5,6,1
734,unitary,0.0832827573454954,0.051,-2.9759296462578115,6.099999999999999,2,0
735,measurement,0.0582707661654179,0.094,-2.364460496712133,16.5,6,1
736,unitary,0.0832827573454954,0.036,-3.3242363405260273,6.099999999999999,2,0
737,measurement,0.0582707661654179,0.101,-2.2926347621408776,16.5,6,1
738,unitary,0.0832827573454954,0.04,-3.2188758248682006,6.099999999999999,2,0
739,measurement,0.0582707661654179,0.1,-2.3025850929940455,16.5,6,1
740,unitary,0.0832827573454954,0.028,-3.575550768806933,6.099999999999999,2,0
741,measurement,0.0582707661654179,0.091,-2.396895772465287,16.5,6,1
742,unitary,0.0832827573454954,0.028,-3.575550768806933,6.099999999999999,2,0
743,measurement,0.0582707661654179,0.098,-2.322787800311565,16.5,6,1
744,unitary,0.0832827573454954,0.042,-3.170085660698769,6.099999999999999,2,0
745,measurement,0.0582707661654179,0.091,-2.396895772465287,16.5,6,1
746,unitary,0.0832827573454954,0.043,-3.146555163288575,6.099999999999999,2,0
747,measurement,0.0582707661654179,0.085,-2.4651040224918206,16.5,6,1
748,unitary,0.0832827573454954,0.045,-3.101092789211817,6.099999999999999,2,0
749,measurement,0.0582707661654179,0.086,-2.4534079827286295,16.5,6,1
750,unitary,0.0832827573454954,0.03,-3.506557897319982,6.099999999999999,2,0
751,measurement,0.0582707661654179,0.09,-2.4079456086518722,16.5,6,1
752,unitary,0.0832827573454954,0.044,-3.123565645063876,6.099999999999999,2,0
753,measurement,0.0582707661654179,0.091,-2.396895772465287,16.5,6,1
754,unitary,0.0832827573454954,0.03,-3.506557897319982,6.099999999999999,2,0
755,measurement,0.0582707661654179,0.082,-2.501036031717884,16.5,6,1
756,unitary,0.0832827573454954,0.043,-3.146555163288575,6.099999999999999,2,0
757,measurement,0.0582707661654179,0.095,-2.353878387381596,16.5,6,1
758,unitary,0.0832827573454954,0.045,-3.101092789211817,6.099999999999999,2,0
759,measurement,0.0582707661654179,0.092,-2.385966701933097,16.5,6,1
760,unitary,0.0832827573454954,0.039,-3.2441936328524905,6.099999999999999,2,0
761,measurement,0.0582707661654179,0.099,-2.312635428847547,16.5,6,1
762,unitary,0.0832827573454954,0.038,-3.270169119255751,6.099999999999999,2,0
763,measurement,0.0582707661654179,0.095,-2.353878387381596,16.5,6,1
764,unitary,0.0832827573454954,0.041,-3.1941832122778293,6.099999999999999,2,0
765,measurement,0.0582707661654179,0.088,-2.430418464503931,16.5,6,1
766,unitary,0.0832827573454954,0.034,-3.3813947543659757,6.099999999999999,2,0
767,measurement,0.0582707661654179,0.098,-2.322787800311565,16.5,6,1
768,unitary,0.0832827573454954,0.031,-3.473768074496991,6.099999999999999,2,0
769,measurement,0.0582707661654179,0.09,-2.4079456086518722,16.5,6,1
770,unitary,0.0832827573454954,0.035,-3.3524072174927233,6.099999999999999,2,0
771,measurement,0.0582707661654179,0.092,-2.385966701933097,16.5,6,1
772,unitary,0.0832827573454954,0.036,-3.3242363405260273,6.099999999999999,2,0
773,measurement,0.0582707661654179,0.095,-2.353878387381596,16.5,6,1
774,unitary,0.0832827573454954,0.035,-3.3524072174927233,6.099999999999999,2,0
775,measurement,0.0582707661654179,0.076,-2.577021938695806,16.5,6,1
776,unitary,0.0832827573454954,0.03,-3.506557897319982,6.099999999999999,2,0
777,measurement,0.0582707661654179,0.093,-2.375155785828881,16.5,6,1
778,unitary,0.0832827573454954,0.043,-3.146555163288575,6.099999999999999,2,0
779,measurement,0.0582707661654179,0.104,-2.2633643798407643,16.5,6,1
780,unitary,0.0832827573454954,0.043,-3.146555163288575,6.099999999999999,2,0
781,measurement,0.0582707661654179,0.1,-2.3025850929940455,16.5,6,1
782,unitary,0.0832827573454954,0.036,-3.3242363405260273,6.099999999999999,2,0
783,measurement,0.0582707661654179,0.091,-2.396895772465287,16.5,6,1
784,unitary,0.0832827573454954,0.045,-3.101092789211817,6.099999999999999,2,0
785,measurement,0.0582707661654179,0.111,-2.198225077669803,16.5,6,1
786,unitary,0.0832827573454954,0.031,-3.473768074496991,6.099999999999999,2,0
787,measurement,0.0582707661654179,0.079,-2.5383074265151158,16.5,6,1
788,unitary,0.0832827573454954,0.033,-3.4112477175156566,6.099999999999999,2,0
789,measurement,0.0582707661654179,0.094,-2.364460496712133,16.5,6,1
790,unitary,0.0832827573454954,0.034,-3.3813947543659757,6.099999999999999,2,0
791,measurement,0.0582707661654179,0.091,-2.396895772465287,16.5,6,1
792,unitary,0.0832827573454954,0.042,-3.170085660698769,6.099999999999999,2,0
793,measurement,0.0582707661654179,0.096,-2.3434070875143007,16.5,6,1
794,unitary,0.0832827573454954,0.029,-3.540459448995663,6.099999999999999,2,0
795,measurement,0.0582707661654179,0.097,-2.333044300478754,16.5,6,1
796,unitary,0.0832827573454954,0.038,-3.270169119255751,6.099999999999999,2,0
797,measurement,0.0582707661654179,0.105,-2.2537949288246137,16.5,6,1
798,unitary,0.0832827573454954,0.036,-3.3242363405260273,6.099999999999999,2,0
799,measurement,0.0582707661654179,0.095,-2.353878387381596,16.5,6,1
800,unitary,0.0832827573454954,0.04,-3.2188758248682006,6.099999999999999,2,0
801,measurement,0.10202098226596898,0.086,-2.4534079827286295,16.5,6,1
802,unitary,0.0832827573454954,0.032,-3.4420193761824103,6.099999999999999,2,0
803,measurement,0.0582707661654179,0.075,-2.5902671654458267,16.5,6,1
804,unitary,0.0832827573454954,0.04,-3.2188758248682006,6.099999999999999,2,0
805,measurement,0.0582707661654179,0.094,-2.364460496712133,16.5,6,1
806,unitary,0.0832827573454954,0.036,-3.3242363405260273,6.099999999999999,2,0
807,measurement,0.0582707661654179,0.087,-2.4418471603275536,16.5,6,1
808,unitary,0.0832827573454954,0.038,-3.270169119255751,6.099999999999999,2,0
809,measurement,0.0582707661654179,0.081,-2.513306124309698,16.5,6,1
810,unitary,0.0832827573454954,0.034,-3.3813947543659757,6.099999999999999,2,0
811,measurement,0.0582707661654179,0.099,-2.312635428847547,16.5,6,1
812,unitary,0.0832827573454954,0.049,-3.0159349808715104,6.099999999999999,2,0
813,measurement,0.0582707661654179,0.092,-2.385966701933097,16.5,6,1
814,unitary,0.0832827573454954,0.036,-3.3242363405260273,6.099999999999999,2,0
815,measurement,0.0582707661654179,0.087,-2.4418471603275536,16.5,6,1
816,unitary,0.0832827573454954,0.029,-3.540459448995663,6.099999999999999,2,0
817,measurement,0.6931471554088746,0.084,-2.4769384801388235,16.5,6,1
818,unitary,0.0832827573454954,0.036,-3.3242363405260273,6.099999999999999,2,0
819,measurement,0.0582707661654179,0.104,-2.2633643798407643,16.5,6,1
820,unitary,0.0832827573454954,0.047,-3.0576076772720784,6.099999999999999,2,0
821,measurement,0.0582707661654179,0.106,-2.24431618487007,16.5,6,1
822,unitary,0.0832827573454954,0.037,-3.2968373663379125,6.099999999999999,2,0
823,measurement,0.0582707661654179,0.111,-2.198225077669803,16.5,6,1
824,unitary,0.0832827573454954,0.033,-3.4112477175156566,6.099999999999999,2,0
825,measurement,0.0582707661654179,0.091,-2.396895772465287,16.5,6,1
826,unitary,0.0832827573454954,0.038,-3.270169119255751,6.099999999999999,2,0
827,measurement,0.6931471554088746,0.092,-2.385966701933097,16.5,6,1
828,unitary,0.0832827573454954,0.037,-3.2968373663379125,6.099999999999999,2,0
829,measurement,0.0582707661654179,0.091,-2.396895772465287,16.5,6,1
830,unitary,0.0832827573454954,0.036,-3.3242363405260273,6.099999999999999,2,0
831,measurement,0.0582707661654179,0.094,-2.364460496712133,16.5,6,1
832,unitary,0.0832827573454954,0.037,-3.2968373663379125,6.099999999999999,2,0
833,measurement,0.0582707661654179,0.088,-2.430418464503931,16.5,6,1
834,unitary,0.0832827573454954,0.036,-3.3242363405260273,6.099999999999999,2,0
835,measurement,0.0582707661654179,0.09,-2.4079456086518722,16.5,6,1
836,unitary,0.0832827573454954,0.043,-3.146555163288575,6.099999999999999,2,0
837,measurement,0.0582707661654179,0.085,-2.4651040224918206,16.5,6,1
838,unitary,0.0832827573454954,0.04,-3.2188758248682006,6.099999999999999,2,0
839,measurement,0.0582707661654179,0.104,-2.2633643798407643,16.5,6,1
840,unitary,0.0832827573454954,0.038,-3.270169119255751,6.099999999999999,2,0
841,measurement,0.0582707661654179,0.088,-2.430418464503931,16.5,6,1
842,unitary,0.0832827573454954,0.033,-3.4112477175156566,6.099999999999999,2,0
843,measurement,0.0582707661654179,0.096,-2.3434070875143007,16.5,6,1
844,unitary,0.0832827573454954,0.042,-3.170085660698769,6.099999999999999,2,0
845,measurement,0.0582707661654179,0.102,-2.282782465697866,16.5,6,1
846,unitary,0.0832827573454954,0.043,-3.146555163288575,6.099999999999999,2,0
847,measurement,0.0582707661654179,0.104,-2.2633643798407643,16.5,6,1
848,unitary,0.0832827573454954,0.039,-3.2441936328524905,6.099999999999999,2,0
849,measurement,0.0582707661654179,0.097,-2.333044300478754,16.5,6,1
850,unitary,0.0832827573454954,0.034,-3.3813947543659757,6.099999999999999,2,0
851,measurement,0.0582707661654179,0.084,-2.4769384801388235,16.5,6,1
852,unitary,0.0832827573454954,0.046,-3.079113882493042,6.099999999999999,2,0
853,measurement,0.690051920067625,0.094,-2.364460496712133,16.5,6,1
854,unitary,0.0832827573454954,0.042,-3.170085660698769,6.099999999999999,2,0
855,measurement,0.10202098226596898,0.115,-2.162823150618887,16.5,6,1
856,unitary,0.0832827573454954,0.043,-3.146555163288575,6.099999999999999,2,0
857,measurement,0.0582707661654179,0.104,-2.2633643798407643,16.5,6,1
858,unitary,0.0832827573454954,0.026,-3.649658740960655,6.099999999999999,2,0
859,measurement,0.0582707661654179,0.087,-2.4418471603275536,16.5,6,1
860,unitary,0.0832827573454954,0.039,-3.2441936328524905,6.099999999999999,2,0
861,measurement,0.0582707661654179,0.1,-2.3025850929940455,16.5,6,1
862,unitary,0.0832827573454954,0.032,-3.4420193761824103,6.099999999999999,2,0
863,measurement,0.0582707661654179,0.102,-2.282782465697866,16.5,6,1
864,unitary,0.0832827573454954,0.049,-3.0159349808715104,6.099999999999999,2,0
865,measurement,0.0582707661654179,0.08,-2.5257286443082556,16.5,6,1
866,unitary,0.0832827573454954,0.045,-3.101092789211817,6.099999999999999,2,0
867,measurement,0.0582707661654179,0.083,-2.488914671185539,16.5,6,1
868,unitary,0.0832827573454954,0.035,-3.3524072174927233,6.099999999999999,2,0
869,measurement,0.0582707661654179,0.099,-2.312635428847547,16.5,6,1
870,unitary,0.0832827573454954,0.037,-3.2968373663379125,6.099999999999999,2,0
871,measurement,0.0582707661654179,0.102,-2.282782465697866,16.5,6,1
872,unitary,0.0832827573454954,0.04,-3.2188758248682006,6.099999999999999,2,0
873,measurement,0.0582707661654179,0.093,-2.375155785828881,16.5,6,1
874,unitary,0.0832827573454954,0.027,-3.611918412977808,6.099999999999999,2,0
875,measurement,0.0582707661654179,0.096,-2.3434070875143007,16.5,6,1
876,unitary,0.0832827573454954,0.034,-3.3813947543659757,6.099999999999999,2,0
877,measurement,0.0582707661654179,0.092,-2.385966701933097,16.5,6,1
878,unitary,0.0832827573454954,0.044,-3.123565645063876,6.099999999999999,2,0
879,measurement,0.0582707661654179,0.101,-2.2926347621408776,16.5,6,1
880,unitary,0.0832827573454954,0.03,-3.506557897319982,6.099999999999999,2,0
881,measurement,0.0582707661654179,0.11,-2.2072749131897207,16.5,6,1
882,unitary,0.0832827573454954,0.039,-3.2441936328524905,6.099999999999999,2,0
883,measurement,0.0582707661654179,0.095,-2.353878387381596,16.5,6,1
884,unitary,0.0832827573454954,0.037,-3.2968373663379125,6.099999999999999,2,0
885,measurement,0.0582707661654179,0.112,-2.1892564076870427,16.5,6,1
886,unitary,0.0832827573454954,0.04,-3.2188758248682006,6.099999999999999,2,0
887,measurement,0.0582707661654179,0.095,-2.353878387381596,16.5,6,1
888,unitary,0.0832827573454954,0.038,-3.270169119255751,6.099999999999999,2,0
889,measurement,0.0582707661654179,0.091,-2.396895772465287,16.5,6,1
890,unitary,0.0832827573454954,0.041,-3.1941832122778293,6.099999999999999,2,0
891,measurement,0.0582707661654179,0.079,-2.5383074265151158,16.5,6,1
892,unitary,0.0832827573454954,0.042,-3.170085660698769,6.099999999999999,2,0
893,measurement,0.0582707661654179,0.088,-2.430418464503931,16.5,6,1
894,unitary,0.0832827573454954,0.031,-3.473768074496991,6.099999999999999,2,0
895,measurement,0.0582707661654179,0.093,-2.375155785828881,16.5,6,1
896,unitary,0.0832827573454954,0.044,-3.123565645063876,6.099999999999999,2,0
897,measurement,0.0582707661654179,0.099,-2.312635428847547,16.5,6,1
898,unitary,0.0832827573454954,0.044,-3.123565645063876,6.099999999999999,2,0
899,measurement,0.0582707661654179,0.093,-2.375155785828881,16.5,6,1
900,unitary,0.0832827573454954,0.04,-3.2188758248682006,6.099999999999999,2,0
901,measurement,0.0582707661654179,0.099,-2.312635428847547,16.5,6,1
902,unitary,0.0832827573454954,0.03,-3.506557897319982,6.099999999999999,2,0
903,measurement,0.0582707661654179,0.081,-2.513306124309698,16.5,6,1
904,unitary,0.0832827573454954,0.046,-3.079113882493042,6.099999999999999,2,0
905,measurement,0.0582707661654179,0.092,-2.385966701933097,16.5,6,1
906,unitary,0.0832827573454954,0.042,-3.170085660698769,6.099999999999999,2,0
907,measurement,0.0582707661654179,0.103,-2.2730262907525014,16.5,6,1
908,unitary,0.0832827573454954,0.044,-3.123565645063876,6.099999999999999,2,0
909,measurement,0.0582707661654179,0.102,-2.282782465697866,16.5,6,1
910,unitary,0.0832827573454954,0.038,-3.270169119255751,6.099999999999999,2,0
911,measurement,0.0582707661654179,0.097,-2.333044300478754,16.5,6,1
912,unitary,0.0832827573454954,0.044,-3.123565645063876,6.099999999999999,2,0
913,measurement,0.0582707661654179,0.095,-2.353878387381596,16.5,6,1
914,unitary,0.0832827573454954,0.044,-3.123565645063876,6.099999999999999,2,0
915,measurement,0.0582707661654179,0.09,-2.4079456086518722,16.5,6,1
916,unitary,0.0832827573454954,0.046,-3.079113882493042,6.099999999999999,2,0
917,measurement,0.6931471554088746,0.088,-2.430418464503931,16.5,6,1
918,unitary,0.0832827573454954,0.038,-3.270169119255751,6.099999999999999,2,0
919,measurement,0.0582707661654179,0.091,-2.396895772465287,16.5,6,1
920,unitary,0.0832827573454954,0.033,-3.4112477175156566,6.099999999999999,2,0
921,measurement,0.0582707661654179,0.101,-2.2926347621408776,16.5,6,1
922,unitary,0.0832827573454954,0.041,-3.1941832122778293,6.099999999999999,2,0
923,measurement,0.0582707661654179,0.101,-2.2926347621408776,16.5,6,1
924,unitary,0.0832827573454954,0.04,-3.2188758248682006,6.099999999999999,2,0
925,measurement,0.0582707661654179,0.099,-2.312635428847547,16.5,6,1
926,unitary,0.0832827573454954,0.042,-3.170085660698769,6.099999999999999,2,0
927,measurement,0.0582707661654179,0.092,-2.385966701933097,16.5,6,1
928,unitary,0.0832827573454954,0.04,-3.2188758248682006,6.099999999999999,2,0
929,measurement,0.0582707661654179,0.087,-2.4418471603275536,16.5,6,1
930,unitary,0.0832827573454954,0.052,-2.9565115604007097,6.099999999999999,2,0
931,measurement,0.0582707661654179,0.088,-2.430418464503931,16.5,6,1
932,unitary,0.0832827573454954,0.045,-3.101092789211817,6.099999999999999,2,0
933,measurement,0.0582707661654179,0.082,-2.501036031717884,16.5,6,1
934,unitary,0.0832827573454954,0.04,-3.2188758248682006,6.099999999999999,2,0
935,measurement,0.0582707661654179,0.07,-2.659260036932778,16.5,6,1
936,unitary,0.0832827573454954,0.037,-3.2968373663379125,6.099999999999999,2,0
937,measurement,0.0582707661654179,0.109,-2.2164073967529934,16.5,6,1
938,unitary,0.0832827573454954,0.036,-3.3242363405260273,6.099999999999999,2,0
939,measurement,0.0582707661654179,0.104,-2.2633643798407643,16.5,6,1
940,unitary,0.0832827573454954,0.043,-3.146555163288575,6.099999999999999,2,0
941,measurement,0.0582707661654179,0.091,-2.396895772465287,16.5,6,1
942,unitary,0.0832827573454954,0.051,-2.9759296462578115,6.099999999999999,2,0
943,measurement,0.0582707661654179,0.105,-2.2537949288246137,16.5,6,1
944,unitary,0.0832827573454954,0.038,-3.270169119255751,6.099999999999999,2,0
945,measurement,0.0582707661654179,0.095,-2.353878387381596,16.5,6,1
946,unitary,0.0832827573454954,0.035,-3.3524072174927233,6.099999999999999,2,0
947,measurement,0.0582707661654179,0.102,-2.282782465697866,16.5,6,1
948,unitary,0.0832827573454954,0.032,-3.4420193761824103,6.099999999999999,2,0
949,measurement,0.0582707661654179,0.091,-2.396895772465287,16.5,6,1
950,unitary,0.0832827573454954,0.033,-3.4112477175156566,6.099999999999999,2,0
951,measurement,0.0582707661654179,0.118,-2.137070654516472,16.5,6,1
952,unitary,0.0832827573454954,0.041,-3.1941832122778293,6.099999999999999,2,0
953,measurement,0.0582707661654179,0.095,-2.353878387381596,16.5,6,1
954,unitary,0.0832827573454954,0.046,-3.079113882493042,6.099999999999999,2,0
955,measurement,0.0582707661654179,0.111,-2.198225077669803,16.5,6,1
956,unitary,0.0832827573454954,0.039,-3.2441936328524905,6.099999999999999,2,0
957,measurement,0.0582707661654179,0.093,-2.375155785828881,16.5,6,1
958,unitary,0.0832827573454954,0.037,-3.2968373663379125,6.099999999999999,2,0
959,measurement,0.0582707661654179,0.093,-2.375155785828881,16.5,6,1
960,unitary,0.0832827573454954,0.031,-3.473768074496991,6.099999999999999,2,0
961,measurement,0.06782052788046526,0.094,-2.364460496712133,16.5,6,1
962,unitary,0.0832827573454954,0.046,-3.079113882493042,6.099999999999999,2,0
963,measurement,0.0582707661654179,0.099,-2.312635428847547,16.5,6,1
964,unitary,0.0832827573454954,0.034,-3.3813947543659757,6.099999999999999,2,0
965,measurement,0.0582707661654179,0.093,-2.375155785828881,16.5,6,1
966,unitary,0.0832827573454954,0.041,-3.1941832122778293,6.099999999999999,2,0
967,measurement,0.0582707661654179,0.093,-2.375155785828881,16.5,6,1
968,unitary,0.0832827573454954,0.033,-3.4112477175156566,6.099999999999999,2,0
969,measurement,0.0582707661654179,0.095,-2.353878387381596,16.5,6,1
970,unitary,0.0832827573454954,0.049,-3.0159349808715104,6.099999999999999,2,0
971,measurement,0.0582707661654179,0.101,-2.2926347621408776,16.5,6,1
972,unitary,0.0832827573454954,0.04,-3.2188758248682006,6.099999999999999,2,0
973,measurement,0.6931471554088746,0.098,-2.322787800311565,16.5,6,1
974,unitary,0.0832827573454954,0.043,-3.146555163288575,6.099999999999999,2,0
975,measurement,0.0582707661654179,0.105,-2.2537949288246137,16.5,6,1
976,unitary,0.0832827573454954,0.038,-3.270169119255751,6.099999999999999,2,0
977,measurement,0.0582707661654179,0.102,-2.282782465697866,16.5,6,1
978,unitary,0.0832827573454954,0.035,-3.3524072174927233,6.099999999999999,2,0
979,measurement,0.0582707661654179,0.093,-2.375155785828881,16.5,6,1
980,unitary,0.0832827573454954,0.037,-3.2968373663379125,6.099999999999999,2,0
981,measurement,0.0582707661654179,0.104,-2.2633643798407643,16.5,6,1
982,unitary,0.0832827573454954,0.039,-3.2441936328524905,6.099999999999999,2,0
983,measurement,0.0582707661654179,0.115,-2.162823150618887,16.5,6,1
984,unitary,0.0832827573454954,0.032,-3.4420193761824103,6.099999999999999,2,0
985,measurement,0.0582707661654179,0.099,-2.312635428847547,16.5,6,1
986,unitary,0.0832827573454954,0.042,-3.170085660698769,6.099999999999999,2,0
987,measurement,0.0582707661654179,0.1,-2.3025850929940455,16.5,6,1
988,unitary,0.0832827573454954,0.036,-3.3242363405260273,6.099999999999999,2,0
989,measurement,0.0582707661654179,0.102,-2.282782465697866,16.5,6,1
990,unitary,0.0832827573454954,0.048,-3.036554268074246,6.099999999999999,2,0
991,measurement,0.0582707661654179,0.102,-2.282782465697866,16.5,6,1
992,unitary,0.0832827573454954,0.035,-3.3524072174927233,6.099999999999999,2,0
993,measurement,0.0993634558013381,0.096,-2.3434070875143007,16.5,6,1
994,unitary,0.0832827573454954,0.036,-3.3242363405260273,6.099999999999999,2,0
995,measurement,0.0582707661654179,0.123,-2.0955709236097197,16.5,6,1
996,unitary,0.0832827573454954,0.041,-3.1941832122778293,6.099999999999999,2,0
997,measurement,0.0582707661654179,0.096,-2.3434070875143007,16.5,6,1
998,unitary,0.0832827573454954,0.042,-3.170085660698769,6.099999999999999,2,0
999,measurement,0.0582707661654179,0.094,-2.364460496712133,16.5,6,1
