trial,entropy_type,Delta_S,p_log,log_p_log,duration,qubit_count,gate_count
0,low,1.110223024625156e-15,0.733,-0.3106095770954856,3.9499999999999993,5,11
1,high,0.6931471805599454,0.036,-3.3242363405260273,4.45,5,11
2,low,1.110223024625156e-15,0.73,-0.31471074483970024,3.9499999999999993,5,11
3,high,0.6931471805599454,0.058,-2.8473122684357177,4.45,5,11
4,low,1.110223024625156e-15,0.737,-0.3051673867928005,3.9499999999999993,5,11
5,high,0.6931471805599454,0.044,-3.123565645063876,4.45,5,11
6,low,1.110223024625156e-15,0.735,-0.3078847797693004,3.9499999999999993,5,11
7,high,0.6931471805599454,0.046,-3.079113882493042,4.45,5,11
8,low,1.110223024625156e-15,0.742,-0.2984060358147566,3.9499999999999993,5,11
9,high,0.6931471805599454,0.047,-3.0576076772720784,4.45,5,11
10,low,1.110223024625156e-15,0.751,-0.28634962721800233,3.9499999999999993,5,11
11,high,0.6931471805599454,0.045,-3.101092789211817,4.45,5,11
12,low,1.110223024625156e-15,0.739,-0.3024573580339353,3.9499999999999993,5,11
13,high,0.6931471805599454,0.052,-2.9565115604007097,4.45,5,11
14,low,1.110223024625156e-15,0.754,-0.282362910974181,3.9499999999999993,5,11
15,high,0.6931471805599454,0.057,-2.864704011147587,4.45,5,11
16,low,1.110223024625156e-15,0.739,-0.3024573580339353,3.9499999999999993,5,11
17,high,0.6931471805599454,0.042,-3.170085660698769,4.45,5,11
18,low,1.110223024625156e-15,0.751,-0.28634962721800233,3.9499999999999993,5,11
19,high,0.6931471805599454,0.046,-3.079113882493042,4.45,5,11
20,low,1.110223024625156e-15,0.742,-0.2984060358147566,3.9499999999999993,5,11
21,high,0.6931471805599454,0.049,-3.0159349808715104,4.45,5,11
22,low,1.110223024625156e-15,0.759,-0.27575350158650713,3.9499999999999993,5,11
23,high,0.6931471805599454,0.031,-3.473768074496991,4.45,5,11
24,low,1.110223024625156e-15,0.742,-0.2984060358147566,3.9499999999999993,5,11
25,high,0.6931471805599454,0.045,-3.101092789211817,4.45,5,11
26,low,1.110223024625156e-15,0.756,-0.27971390280260405,3.9499999999999993,5,11
27,high,0.6931471805599454,0.048,-3.036554268074246,4.45,5,11
28,low,1.110223024625156e-15,0.74,-0.3011050927839216,3.9499999999999993,5,11
29,high,0.6931471805599454,0.039,-3.2441936328524905,4.45,5,11
30,low,1.110223024625156e-15,0.738,-0.30381145438166457,3.9499999999999993,5,11
31,high,0.6931471805599454,0.05,-2.995732273553991,4.45,5,11
32,low,1.110223024625156e-15,0.786,-0.24079848655293046,3.9499999999999993,5,11
33,high,0.6931471805599454,0.037,-3.2968373663379125,4.45,5,11
34,low,1.110223024625156e-15,0.752,-0.28501895503229724,3.9499999999999993,5,11
35,high,0.6931471805599454,0.041,-3.1941832122778293,4.45,5,11
36,low,1.110223024625156e-15,0.743,-0.2970592342643779,3.9499999999999993,5,11
37,high,0.6931471805599454,0.046,-3.079113882493042,4.45,5,11
38,low,1.110223024625156e-15,0.764,-0.2691874898156165,3.9499999999999993,5,11
39,high,0.6931471805599454,0.042,-3.170085660698769,4.45,5,11
40,low,1.110223024625156e-15,0.744,-0.2957142441490452,3.9499999999999993,5,11
41,high,0.6931471805599454,0.043,-3.146555163288575,4.45,5,11
42,low,1.110223024625156e-15,0.748,-0.2903523010076598,3.9499999999999993,5,11
43,high,0.6931471805599454,0.042,-3.170085660698769,4.45,5,11
44,low,1.110223024625156e-15,0.744,-0.2957142441490452,3.9499999999999993,5,11
45,high,0.6931471805599454,0.049,-3.0159349808715104,4.45,5,11
46,low,1.110223024625156e-15,0.754,-0.282362910974181,3.9499999999999993,5,11
47,high,0.6931471805599454,0.057,-2.864704011147587,4.45,5,11
48,low,1.110223024625156e-15,0.766,-0.26657310924154576,3.9499999999999993,5,11
49,high,0.6931471805599454,0.041,-3.1941832122778293,4.45,5,11
50,low,1.110223024625156e-15,0.743,-0.2970592342643779,3.9499999999999993,5,11
51,high,0.6931471805599454,0.049,-3.0159349808715104,4.45,5,11
52,low,1.110223024625156e-15,0.714,-0.33687231664255274,3.9499999999999993,5,11
53,high,0.6931471805599454,0.056,-2.8824035882469876,4.45,5,11
54,low,1.110223024625156e-15,0.757,-0.2783920255446883,3.9499999999999993,5,11
55,high,0.6931471805599454,0.04,-3.2188758248682006,4.45,5,11
56,low,1.110223024625156e-15,0.731,-0.3133418192323586,3.9499999999999993,5,11
57,high,0.6931471805599454,0.054,-2.9187712324178627,4.45,5,11
58,low,1.110223024625156e-15,0.744,-0.2957142441490452,3.9499999999999993,5,11
59,high,0.6931471805599454,0.047,-3.0576076772720784,4.45,5,11
60,low,1.110223024625156e-15,0.765,-0.2678794451556012,3.9499999999999993,5,11
61,high,0.6931471805599454,0.056,-2.8824035882469876,4.45,5,11
62,low,1.110223024625156e-15,0.74,-0.3011050927839216,3.9499999999999993,5,11
63,high,0.6931471805599454,0.044,-3.123565645063876,4.45,5,11
64,low,1.110223024625156e-15,0.761,-0.2731219211204512,3.9499999999999993,5,11
65,high,0.6931471805599454,0.054,-2.9187712324178627,4.45,5,11
66,low,1.110223024625156e-15,0.769,-0.26266430947649305,3.9499999999999993,5,11
67,high,0.6931471805599454,0.048,-3.036554268074246,4.45,5,11
68,low,1.110223024625156e-15,0.746,-0.2930296787783762,3.9499999999999993,5,11
69,high,0.6931471805599454,0.051,-2.9759296462578115,4.45,5,11
70,low,1.110223024625156e-15,0.746,-0.2930296787783762,3.9499999999999993,5,11
71,high,0.6931471805599454,0.043,-3.146555163288575,4.45,5,11
72,low,1.110223024625156e-15,0.737,-0.3051673867928005,3.9499999999999993,5,11
73,high,0.6931471805599454,0.059,-2.8302178350764176,4.45,5,11
74,low,1.110223024625156e-15,0.748,-0.2903523010076598,3.9499999999999993,5,11
75,high,0.6931471805599454,0.048,-3.036554268074246,4.45,5,11
76,low,1.110223024625156e-15,0.736,-0.3065251602532608,3.9499999999999993,5,11
77,high,0.6931471805599454,0.05,-2.995732273553991,4.45,5,11
78,low,1.110223024625156e-15,0.73,-0.31471074483970024,3.9499999999999993,5,11
79,high,0.6931471805599454,0.046,-3.079113882493042,4.45,5,11
80,low,1.110223024625156e-15,0.753,-0.2836900511822435,3.9499999999999993,5,11
81,high,0.6931471805599454,0.042,-3.170085660698769,4.45,5,11
82,low,1.110223024625156e-15,0.739,-0.3024573580339353,3.9499999999999993,5,11
83,high,0.6931471805599454,0.048,-3.036554268074246,4.45,5,11
84,low,1.110223024625156e-15,0.72,-0.3285040669720361,3.9499999999999993,5,11
85,high,0.6931471805599454,0.042,-3.170085660698769,4.45,5,11
86,low,1.110223024625156e-15,0.75,-0.2876820724517809,3.9499999999999993,5,11
87,high,0.6931471805599454,0.053,-2.9374633654300153,4.45,5,11
88,low,1.110223024625156e-15,0.751,-0.28634962721800233,3.9499999999999993,5,11
89,high,0.6931471805599454,0.044,-3.123565645063876,4.45,5,11
90,low,1.110223024625156e-15,0.743,-0.2970592342643779,3.9499999999999993,5,11
91,high,0.6931471805599454,0.05,-2.995732273553991,4.45,5,11
92,low,1.110223024625156e-15,0.75,-0.2876820724517809,3.9499999999999993,5,11
93,high,0.6931471805599454,0.05,-2.995732273553991,4.45,5,11
94,low,1.110223024625156e-15,0.753,-0.2836900511822435,3.9499999999999993,5,11
95,high,0.6931471805599454,0.048,-3.036554268074246,4.45,5,11
96,low,1.110223024625156e-15,0.745,-0.29437106060257756,3.9499999999999993,5,11
97,high,0.6931471805599454,0.049,-3.0159349808715104,4.45,5,11
98,low,1.110223024625156e-15,0.774,-0.2561834053924099,3.9499999999999993,5,11
99,high,0.6931471805599454,0.052,-2.9565115604007097,4.45,5,11
100,low,1.110223024625156e-15,0.772,-0.25877072895736086,3.9499999999999993,5,11
101,high,0.6931471805599454,0.044,-3.123565645063876,4.45,5,11
102,low,1.110223024625156e-15,0.738,-0.30381145438166457,3.9499999999999993,5,11
103,high,0.6931471805599454,0.059,-2.8302178350764176,4.45,5,11
104,low,1.110223024625156e-15,0.749,-0.2890162954649176,3.9499999999999993,5,11
105,high,0.6931471805599454,0.041,-3.1941832122778293,4.45,5,11
106,low,1.110223024625156e-15,0.756,-0.27971390280260405,3.9499999999999993,5,11
107,high,0.6931471805599454,0.047,-3.0576076772720784,4.45,5,11
108,low,1.110223024625156e-15,0.774,-0.2561834053924099,3.9499999999999993,5,11
109,high,0.6931471805599454,0.056,-2.8824035882469876,4.45,5,11
110,low,1.110223024625156e-15,0.743,-0.2970592342643779,3.9499999999999993,5,11
111,high,0.6931471805599454,0.048,-3.036554268074246,4.45,5,11
112,low,1.110223024625156e-15,0.729,-0.31608154697347896,3.9499999999999993,5,11
113,high,0.6931471805599454,0.047,-3.0576076772720784,4.45,5,11
114,low,1.110223024625156e-15,0.763,-0.27049724769768,3.9499999999999993,5,11
115,high,0.6931471805599454,0.055,-2.900422093749666,4.45,5,11
116,low,1.110223024625156e-15,0.75,-0.2876820724517809,3.9499999999999993,5,11
117,high,0.6931471805599454,0.051,-2.9759296462578115,4.45,5,11
118,low,1.110223024625156e-15,0.758,-0.2770718933397654,3.9499999999999993,5,11
119,high,0.6931471805599454,0.044,-3.123565645063876,4.45,5,11
120,low,1.110223024625156e-15,0.755,-0.28103752973311236,3.9499999999999993,5,11
121,high,0.6931471805599454,0.029,-3.540459448995663,4.45,5,11
122,low,1.110223024625156e-15,0.769,-0.26266430947649305,3.9499999999999993,5,11
123,high,0.6931471805599454,0.057,-2.864704011147587,4.45,5,11
124,low,1.110223024625156e-15,0.764,-0.2691874898156165,3.9499999999999993,5,11
125,high,0.6931471805599454,0.054,-2.9187712324178627,4.45,5,11
126,low,1.110223024625156e-15,0.755,-0.28103752973311236,3.9499999999999993,5,11
127,high,0.6931471805599454,0.041,-3.1941832122778293,4.45,5,11
128,low,1.110223024625156e-15,0.768,-0.26396554583446485,3.9499999999999993,5,11
129,high,0.6931471805599454,0.043,-3.146555163288575,4.45,5,11
130,low,1.110223024625156e-15,0.749,-0.2890162954649176,3.9499999999999993,5,11
131,high,0.6931471805599454,0.042,-3.170085660698769,4.45,5,11
132,low,1.110223024625156e-15,0.77,-0.2613647641344075,3.9499999999999993,5,11
133,high,0.6931471805599454,0.051,-2.9759296462578115,4.45,5,11
134,low,1.110223024625156e-15,0.766,-0.26657310924154576,3.9499999999999993,5,11
135,high,0.6931471805599454,0.041,-3.1941832122778293,4.45,5,11
136,low,1.110223024625156e-15,0.736,-0.3065251602532608,3.9499999999999993,5,11
137,high,0.6931471805599454,0.053,-2.9374633654300153,4.45,5,11
138,low,1.110223024625156e-15,0.781,-0.24718012914245105,3.9499999999999993,5,11
139,high,0.6931471805599454,0.044,-3.123565645063876,4.45,5,11
140,low,1.110223024625156e-15,0.757,-0.2783920255446883,3.9499999999999993,5,11
141,high,0.6931471805599454,0.045,-3.101092789211817,4.45,5,11
142,low,1.110223024625156e-15,0.736,-0.3065251602532608,3.9499999999999993,5,11
143,high,0.6931471805599454,0.052,-2.9565115604007097,4.45,5,11
144,low,1.110223024625156e-15,0.743,-0.2970592342643779,3.9499999999999993,5,11
145,high,0.6931471805599454,0.035,-3.3524072174927233,4.45,5,11
146,low,1.110223024625156e-15,0.761,-0.2731219211204512,3.9499999999999993,5,11
147,high,0.6931471805599454,0.051,-2.9759296462578115,4.45,5,11
148,low,1.110223024625156e-15,0.743,-0.2970592342643779,3.9499999999999993,5,11
149,high,0.6931471805599454,0.044,-3.123565645063876,4.45,5,11
150,low,1.110223024625156e-15,0.75,-0.2876820724517809,3.9499999999999993,5,11
151,high,0.6931471805599454,0.04,-3.2188758248682006,4.45,5,11
152,low,1.110223024625156e-15,0.738,-0.30381145438166457,3.9499999999999993,5,11
153,high,0.6931471805599454,0.049,-3.0159349808715104,4.45,5,11
154,low,1.110223024625156e-15,0.749,-0.2890162954649176,3.9499999999999993,5,11
155,high,0.6931471805599454,0.043,-3.146555163288575,4.45,5,11
156,low,1.110223024625156e-15,0.722,-0.32573014008931084,3.9499999999999993,5,11
157,high,0.6931471805599454,0.048,-3.036554268074246,4.45,5,11
158,low,1.110223024625156e-15,0.769,-0.26266430947649305,3.9499999999999993,5,11
159,high,0.6931471805599454,0.052,-2.9565115604007097,4.45,5,11
160,low,1.110223024625156e-15,0.731,-0.3133418192323586,3.9499999999999993,5,11
161,high,0.6931471805599454,0.058,-2.8473122684357177,4.45,5,11
162,low,1.110223024625156e-15,0.745,-0.29437106060257756,3.9499999999999993,5,11
163,high,0.6931471805599454,0.04,-3.2188758248682006,4.45,5,11
164,low,1.110223024625156e-15,0.731,-0.3133418192323586,3.9499999999999993,5,11
165,high,0.6931471805599454,0.058,-2.8473122684357177,4.45,5,11
166,low,1.110223024625156e-15,0.747,-0.29169009384931976,3.9499999999999993,5,11
167,high,0.6931471805599454,0.05,-2.995732273553991,4.45,5,11
168,low,1.110223024625156e-15,0.723,-0.3243460568233724,3.9499999999999993,5,11
169,high,0.6931471805599454,0.038,-3.270169119255751,4.45,5,11
170,low,1.110223024625156e-15,0.74,-0.3011050927839216,3.9499999999999993,5,11
171,high,0.6931471805599454,0.056,-2.8824035882469876,4.45,5,11
172,low,1.110223024625156e-15,0.759,-0.27575350158650713,3.9499999999999993,5,11
173,high,0.6931471805599454,0.04,-3.2188758248682006,4.45,5,11
174,low,1.110223024625156e-15,0.773,-0.25747623039471507,3.9499999999999993,5,11
175,high,0.6931471805599454,0.042,-3.170085660698769,4.45,5,11
176,low,1.110223024625156e-15,0.721,-0.327116141697188,3.9499999999999993,5,11
177,high,0.6931471805599454,0.044,-3.123565645063876,4.45,5,11
178,low,1.110223024625156e-15,0.746,-0.2930296787783762,3.9499999999999993,5,11
179,high,0.6931471805599454,0.047,-3.0576076772720784,4.45,5,11
180,low,1.110223024625156e-15,0.748,-0.2903523010076598,3.9499999999999993,5,11
181,high,0.6931471805599454,0.05,-2.995732273553991,4.45,5,11
182,low,1.110223024625156e-15,0.742,-0.2984060358147566,3.9499999999999993,5,11
183,high,0.6931471805599454,0.035,-3.3524072174927233,4.45,5,11
184,low,1.110223024625156e-15,0.757,-0.2783920255446883,3.9499999999999993,5,11
185,high,0.6931471805599454,0.045,-3.101092789211817,4.45,5,11
186,low,1.110223024625156e-15,0.756,-0.27971390280260405,3.9499999999999993,5,11
187,high,0.6931471805599454,0.056,-2.8824035882469876,4.45,5,11
188,low,1.110223024625156e-15,0.76,-0.2744368457017603,3.9499999999999993,5,11
189,high,0.6931471805599454,0.062,-2.7806208939370456,4.45,5,11
190,low,1.110223024625156e-15,0.749,-0.2890162954649176,3.9499999999999993,5,11
191,high,0.6931471805599454,0.047,-3.0576076772720784,4.45,5,11
192,low,1.110223024625156e-15,0.73,-0.31471074483970024,3.9499999999999993,5,11
193,high,0.6931471805599454,0.048,-3.036554268074246,4.45,5,11
194,low,1.110223024625156e-15,0.753,-0.2836900511822435,3.9499999999999993,5,11
195,high,0.6931471805599454,0.035,-3.3524072174927233,4.45,5,11
196,low,1.110223024625156e-15,0.754,-0.282362910974181,3.9499999999999993,5,11
197,high,0.6931471805599454,0.048,-3.036554268074246,4.45,5,11
198,low,1.110223024625156e-15,0.748,-0.2903523010076598,3.9499999999999993,5,11
199,high,0.6931471805599454,0.048,-3.036554268074246,4.45,5,11
200,low,1.110223024625156e-15,0.755,-0.28103752973311236,3.9499999999999993,5,11
201,high,0.6931471805599454,0.048,-3.036554268074246,4.45,5,11
202,low,1.110223024625156e-15,0.761,-0.2731219211204512,3.9499999999999993,5,11
203,high,0.6931471805599454,0.049,-3.0159349808715104,4.45,5,11
204,low,1.110223024625156e-15,0.764,-0.2691874898156165,3.9499999999999993,5,11
205,high,0.6931471805599454,0.049,-3.0159349808715104,4.45,5,11
206,low,1.110223024625156e-15,0.76,-0.2744368457017603,3.9499999999999993,5,11
207,high,0.6931471805599454,0.042,-3.170085660698769,4.45,5,11
208,low,1.110223024625156e-15,0.724,-0.3229638865964207,3.9499999999999993,5,11
209,high,0.6931471805599454,0.05,-2.995732273553991,4.45,5,11
210,low,1.110223024625156e-15,0.746,-0.2930296787783762,3.9499999999999993,5,11
211,high,0.6931471805599454,0.05,-2.995732273553991,4.45,5,11
212,low,1.110223024625156e-15,0.75,-0.2876820724517809,3.9499999999999993,5,11
213,high,0.6931471805599454,0.046,-3.079113882493042,4.45,5,11
214,low,1.110223024625156e-15,0.759,-0.27575350158650713,3.9499999999999993,5,11
215,high,0.6931471805599454,0.045,-3.101092789211817,4.45,5,11
216,low,1.110223024625156e-15,0.738,-0.30381145438166457,3.9499999999999993,5,11
217,high,0.6931471805599454,0.033,-3.4112477175156566,4.45,5,11
218,low,1.110223024625156e-15,0.729,-0.31608154697347896,3.9499999999999993,5,11
219,high,0.6931471805599454,0.049,-3.0159349808715104,4.45,5,11
220,low,1.110223024625156e-15,0.745,-0.29437106060257756,3.9499999999999993,5,11
221,high,0.6931471805599454,0.038,-3.270169119255751,4.45,5,11
222,low,1.110223024625156e-15,0.764,-0.2691874898156165,3.9499999999999993,5,11
223,high,0.6931471805599454,0.044,-3.123565645063876,4.45,5,11
224,low,1.110223024625156e-15,0.741,-0.2997546536860502,3.9499999999999993,5,11
225,high,0.6931471805599454,0.053,-2.9374633654300153,4.45,5,11
226,low,1.110223024625156e-15,0.749,-0.2890162954649176,3.9499999999999993,5,11
227,high,0.6931471805599454,0.044,-3.123565645063876,4.45,5,11
228,low,1.110223024625156e-15,0.76,-0.2744368457017603,3.9499999999999993,5,11
229,high,0.6931471805599454,0.048,-3.036554268074246,4.45,5,11
230,low,1.110223024625156e-15,0.758,-0.2770718933397654,3.9499999999999993,5,11
231,high,0.6931471805599454,0.048,-3.036554268074246,4.45,5,11
232,low,1.110223024625156e-15,0.761,-0.2731219211204512,3.9499999999999993,5,11
233,high,0.6931471805599454,0.04,-3.2188758248682006,4.45,5,11
234,low,1.110223024625156e-15,0.754,-0.282362910974181,3.9499999999999993,5,11
235,high,0.6931471805599454,0.052,-2.9565115604007097,4.45,5,11
236,low,1.110223024625156e-15,0.754,-0.282362910974181,3.9499999999999993,5,11
237,high,0.6931471805599454,0.048,-3.036554268074246,4.45,5,11
238,low,1.110223024625156e-15,0.772,-0.25877072895736086,3.9499999999999993,5,11
239,high,0.6931471805599454,0.048,-3.036554268074246,4.45,5,11
240,low,1.110223024625156e-15,0.744,-0.2957142441490452,3.9499999999999993,5,11
241,high,0.6931471805599454,0.037,-3.2968373663379125,4.45,5,11
242,low,1.110223024625156e-15,0.731,-0.3133418192323586,3.9499999999999993,5,11
243,high,0.6931471805599454,0.047,-3.0576076772720784,4.45,5,11
244,low,1.110223024625156e-15,0.726,-0.320205264157341,3.9499999999999993,5,11
245,high,0.6931471805599454,0.028,-3.575550768806933,4.45,5,11
246,low,1.110223024625156e-15,0.77,-0.2613647641344075,3.9499999999999993,5,11
247,high,0.6931471805599454,0.041,-3.1941832122778293,4.45,5,11
248,low,1.110223024625156e-15,0.715,-0.33547273628812946,3.9499999999999993,5,11
249,high,0.6931471805599454,0.044,-3.123565645063876,4.45,5,11
250,low,1.110223024625156e-15,0.761,-0.2731219211204512,3.9499999999999993,5,11
251,high,0.6931471805599454,0.038,-3.270169119255751,4.45,5,11
252,low,1.110223024625156e-15,0.766,-0.26657310924154576,3.9499999999999993,5,11
253,high,0.6931471805599454,0.044,-3.123565645063876,4.45,5,11
254,low,1.110223024625156e-15,0.742,-0.2984060358147566,3.9499999999999993,5,11
255,high,0.6931471805599454,0.033,-3.4112477175156566,4.45,5,11
256,low,1.110223024625156e-15,0.765,-0.2678794451556012,3.9499999999999993,5,11
257,high,0.6931471805599454,0.057,-2.864704011147587,4.45,5,11
258,low,1.110223024625156e-15,0.739,-0.3024573580339353,3.9499999999999993,5,11
259,high,0.6931471805599454,0.037,-3.2968373663379125,4.45,5,11
260,low,1.110223024625156e-15,0.74,-0.3011050927839216,3.9499999999999993,5,11
261,high,0.6931471805599454,0.047,-3.0576076772720784,4.45,5,11
262,low,1.110223024625156e-15,0.754,-0.282362910974181,3.9499999999999993,5,11
263,high,0.6931471805599454,0.046,-3.079113882493042,4.45,5,11
264,low,1.110223024625156e-15,0.746,-0.2930296787783762,3.9499999999999993,5,11
265,high,0.6931471805599454,0.038,-3.270169119255751,4.45,5,11
266,low,1.110223024625156e-15,0.767,-0.26526847761488087,3.9499999999999993,5,11
267,high,0.6931471805599454,0.045,-3.101092789211817,4.45,5,11
268,low,1.110223024625156e-15,0.756,-0.27971390280260405,3.9499999999999993,5,11
269,high,0.6931471805599454,0.042,-3.170085660698769,4.45,5,11
270,low,1.110223024625156e-15,0.738,-0.30381145438166457,3.9499999999999993,5,11
271,high,0.6931471805599454,0.045,-3.101092789211817,4.45,5,11
272,low,1.110223024625156e-15,0.767,-0.26526847761488087,3.9499999999999993,5,11
273,high,0.6931471805599454,0.048,-3.036554268074246,4.45,5,11
274,low,1.110223024625156e-15,0.74,-0.3011050927839216,3.9499999999999993,5,11
275,high,0.6931471805599454,0.051,-2.9759296462578115,4.45,5,11
276,low,1.110223024625156e-15,0.76,-0.2744368457017603,3.9499999999999993,5,11
277,high,0.6931471805599454,0.041,-3.1941832122778293,4.45,5,11
278,low,1.110223024625156e-15,0.731,-0.3133418192323586,3.9499999999999993,5,11
279,high,0.6931471805599454,0.045,-3.101092789211817,4.45,5,11
280,low,1.110223024625156e-15,0.769,-0.26266430947649305,3.9499999999999993,5,11
281,high,0.6931471805599454,0.045,-3.101092789211817,4.45,5,11
282,low,1.110223024625156e-15,0.744,-0.2957142441490452,3.9499999999999993,5,11
283,high,0.6931471805599454,0.048,-3.036554268074246,4.45,5,11
284,low,1.110223024625156e-15,0.755,-0.28103752973311236,3.9499999999999993,5,11
285,high,0.6931471805599454,0.043,-3.146555163288575,4.45,5,11
286,low,1.110223024625156e-15,0.757,-0.2783920255446883,3.9499999999999993,5,11
287,high,0.6931471805599454,0.05,-2.995732273553991,4.45,5,11
288,low,1.110223024625156e-15,0.761,-0.2731219211204512,3.9499999999999993,5,11
289,high,0.6931471805599454,0.052,-2.9565115604007097,4.45,5,11
290,low,1.110223024625156e-15,0.766,-0.26657310924154576,3.9499999999999993,5,11
291,high,0.6931471805599454,0.049,-3.0159349808715104,4.45,5,11
292,low,1.110223024625156e-15,0.741,-0.2997546536860502,3.9499999999999993,5,11
293,high,0.6931471805599454,0.046,-3.079113882493042,4.45,5,11
294,low,1.110223024625156e-15,0.776,-0.25360275879891825,3.9499999999999993,5,11
295,high,0.6931471805599454,0.047,-3.0576076772720784,4.45,5,11
296,low,1.110223024625156e-15,0.732,-0.3119747650208255,3.9499999999999993,5,11
297,high,0.6931471805599454,0.053,-2.9374633654300153,4.45,5,11
298,low,1.110223024625156e-15,0.739,-0.3024573580339353,3.9499999999999993,5,11
299,high,0.6931471805599454,0.054,-2.9187712324178627,4.45,5,11
300,low,1.110223024625156e-15,0.748,-0.2903523010076598,3.9499999999999993,5,11
301,high,0.6931471805599454,0.052,-2.9565115604007097,4.45,5,11
302,low,1.110223024625156e-15,0.762,-0.2718087232954908,3.9499999999999993,5,11
303,high,0.6931471805599454,0.047,-3.0576076772720784,4.45,5,11
304,low,1.110223024625156e-15,0.761,-0.2731219211204512,3.9499999999999993,5,11
305,high,0.6931471805599454,0.045,-3.101092789211817,4.45,5,11
306,low,1.110223024625156e-15,0.764,-0.2691874898156165,3.9499999999999993,5,11
307,high,0.6931471805599454,0.041,-3.1941832122778293,4.45,5,11
308,low,1.110223024625156e-15,0.741,-0.2997546536860502,3.9499999999999993,5,11
309,high,0.6931471805599454,0.042,-3.170085660698769,4.45,5,11
310,low,1.110223024625156e-15,0.738,-0.30381145438166457,3.9499999999999993,5,11
311,high,0.6931471805599454,0.057,-2.864704011147587,4.45,5,11
312,low,1.110223024625156e-15,0.76,-0.2744368457017603,3.9499999999999993,5,11
313,high,0.6931471805599454,0.053,-2.9374633654300153,4.45,5,11
314,low,1.110223024625156e-15,0.758,-0.2770718933397654,3.9499999999999993,5,11
315,high,0.6931471805599454,0.044,-3.123565645063876,4.45,5,11
316,low,1.110223024625156e-15,0.744,-0.2957142441490452,3.9499999999999993,5,11
317,high,0.6931471805599454,0.05,-2.995732273553991,4.45,5,11
318,low,1.110223024625156e-15,0.768,-0.26396554583446485,3.9499999999999993,5,11
319,high,0.6931471805599454,0.047,-3.0576076772720784,4.45,5,11
320,low,1.110223024625156e-15,0.753,-0.2836900511822435,3.9499999999999993,5,11
321,high,0.6931471805599454,0.04,-3.2188758248682006,4.45,5,11
322,low,1.110223024625156e-15,0.749,-0.2890162954649176,3.9499999999999993,5,11
323,high,0.6931471805599454,0.041,-3.1941832122778293,4.45,5,11
324,low,1.110223024625156e-15,0.749,-0.2890162954649176,3.9499999999999993,5,11
325,high,0.6931471805599454,0.05,-2.995732273553991,4.45,5,11
326,low,1.110223024625156e-15,0.754,-0.282362910974181,3.9499999999999993,5,11
327,high,0.6931471805599454,0.039,-3.2441936328524905,4.45,5,11
328,low,1.110223024625156e-15,0.761,-0.2731219211204512,3.9499999999999993,5,11
329,high,0.6931471805599454,0.041,-3.1941832122778293,4.45,5,11
330,low,1.110223024625156e-15,0.741,-0.2997546536860502,3.9499999999999993,5,11
331,high,0.6931471805599454,0.041,-3.1941832122778293,4.45,5,11
332,low,1.110223024625156e-15,0.733,-0.3106095770954856,3.9499999999999993,5,11
333,high,0.6931471805599454,0.043,-3.146555163288575,4.45,5,11
334,low,1.110223024625156e-15,0.782,-0.24590053843682594,3.9499999999999993,5,11
335,high,0.6931471805599454,0.048,-3.036554268074246,4.45,5,11
336,low,1.110223024625156e-15,0.747,-0.29169009384931976,3.9499999999999993,5,11
337,high,0.6931471805599454,0.052,-2.9565115604007097,4.45,5,11
338,low,1.110223024625156e-15,0.755,-0.28103752973311236,3.9499999999999993,5,11
339,high,0.6931471805599454,0.047,-3.0576076772720784,4.45,5,11
340,low,1.110223024625156e-15,0.771,-0.26006690541880756,3.9499999999999993,5,11
341,high,0.6931471805599454,0.057,-2.864704011147587,4.45,5,11
342,low,1.110223024625156e-15,0.766,-0.26657310924154576,3.9499999999999993,5,11
343,high,0.6931471805599454,0.041,-3.1941832122778293,4.45,5,11
344,low,1.110223024625156e-15,0.751,-0.28634962721800233,3.9499999999999993,5,11
345,high,0.6931471805599454,0.062,-2.7806208939370456,4.45,5,11
346,low,1.110223024625156e-15,0.742,-0.2984060358147566,3.9499999999999993,5,11
347,high,0.6931471805599454,0.054,-2.9187712324178627,4.45,5,11
348,low,1.110223024625156e-15,0.719,-0.3298939212610904,3.9499999999999993,5,11
349,high,0.6931471805599454,0.045,-3.101092789211817,4.45,5,11
350,low,1.110223024625156e-15,0.754,-0.282362910974181,3.9499999999999993,5,11
351,high,0.6931471805599454,0.039,-3.2441936328524905,4.45,5,11
352,low,1.110223024625156e-15,0.76,-0.2744368457017603,3.9499999999999993,5,11
353,high,0.6931471805599454,0.051,-2.9759296462578115,4.45,5,11
354,low,1.110223024625156e-15,0.745,-0.29437106060257756,3.9499999999999993,5,11
355,high,0.6931471805599454,0.045,-3.101092789211817,4.45,5,11
356,low,1.110223024625156e-15,0.738,-0.30381145438166457,3.9499999999999993,5,11
357,high,0.6931471805599454,0.055,-2.900422093749666,4.45,5,11
358,low,1.110223024625156e-15,0.753,-0.2836900511822435,3.9499999999999993,5,11
359,high,0.6931471805599454,0.042,-3.170085660698769,4.45,5,11
360,low,1.110223024625156e-15,0.76,-0.2744368457017603,3.9499999999999993,5,11
361,high,0.6931471805599454,0.04,-3.2188758248682006,4.45,5,11
362,low,1.110223024625156e-15,0.726,-0.320205264157341,3.9499999999999993,5,11
363,high,0.6931471805599454,0.055,-2.900422093749666,4.45,5,11
364,low,1.110223024625156e-15,0.778,-0.2510287548037454,3.9499999999999993,5,11
365,high,0.6931471805599454,0.051,-2.9759296462578115,4.45,5,11
366,low,1.110223024625156e-15,0.774,-0.2561834053924099,3.9499999999999993,5,11
367,high,0.6931471805599454,0.043,-3.146555163288575,4.45,5,11
368,low,1.110223024625156e-15,0.75,-0.2876820724517809,3.9499999999999993,5,11
369,high,0.6931471805599454,0.048,-3.036554268074246,4.45,5,11
370,low,1.110223024625156e-15,0.772,-0.25877072895736086,3.9499999999999993,5,11
371,high,0.6931471805599454,0.046,-3.079113882493042,4.45,5,11
372,low,1.110223024625156e-15,0.746,-0.2930296787783762,3.9499999999999993,5,11
373,high,0.6931471805599454,0.032,-3.4420193761824103,4.45,5,11
374,low,1.110223024625156e-15,0.736,-0.3065251602532608,3.9499999999999993,5,11
375,high,0.6931471805599454,0.052,-2.9565115604007097,4.45,5,11
376,low,1.110223024625156e-15,0.743,-0.2970592342643779,3.9499999999999993,5,11
377,high,0.6931471805599454,0.049,-3.0159349808715104,4.45,5,11
378,low,1.110223024625156e-15,0.775,-0.25489224962879004,3.9499999999999993,5,11
379,high,0.6931471805599454,0.048,-3.036554268074246,4.45,5,11
380,low,1.110223024625156e-15,0.752,-0.28501895503229724,3.9499999999999993,5,11
381,high,0.6931471805599454,0.044,-3.123565645063876,4.45,5,11
382,low,1.110223024625156e-15,0.725,-0.32158362412746233,3.9499999999999993,5,11
383,high,0.6931471805599454,0.061,-2.796881414808826,4.45,5,11
384,low,1.110223024625156e-15,0.743,-0.2970592342643779,3.9499999999999993,5,11
385,high,0.6931471805599454,0.049,-3.0159349808715104,4.45,5,11
386,low,1.110223024625156e-15,0.749,-0.2890162954649176,3.9499999999999993,5,11
387,high,0.6931471805599454,0.031,-3.473768074496991,4.45,5,11
388,low,1.110223024625156e-15,0.761,-0.2731219211204512,3.9499999999999993,5,11
389,high,0.6931471805599454,0.054,-2.9187712324178627,4.45,5,11
390,low,1.110223024625156e-15,0.716,-0.3340751120214915,3.9499999999999993,5,11
391,high,0.6931471805599454,0.052,-2.9565115604007097,4.45,5,11
392,low,1.110223024625156e-15,0.749,-0.2890162954649176,3.9499999999999993,5,11
393,high,0.6931471805599454,0.057,-2.864704011147587,4.45,5,11
394,low,1.110223024625156e-15,0.767,-0.26526847761488087,3.9499999999999993,5,11
395,high,0.6931471805599454,0.054,-2.9187712324178627,4.45,5,11
396,low,1.110223024625156e-15,0.755,-0.28103752973311236,3.9499999999999993,5,11
397,high,0.6931471805599454,0.056,-2.8824035882469876,4.45,5,11
398,low,1.110223024625156e-15,0.76,-0.2744368457017603,3.9499999999999993,5,11
399,high,0.6931471805599454,0.053,-2.9374633654300153,4.45,5,11
400,low,1.110223024625156e-15,0.766,-0.26657310924154576,3.9499999999999993,5,11
401,high,0.6931471805599454,0.051,-2.9759296462578115,4.45,5,11
402,low,1.110223024625156e-15,0.733,-0.3106095770954856,3.9499999999999993,5,11
403,high,0.6931471805599454,0.054,-2.9187712324178627,4.45,5,11
404,low,1.110223024625156e-15,0.777,-0.25231492861448956,3.9499999999999993,5,11
405,high,0.6931471805599454,0.044,-3.123565645063876,4.45,5,11
406,low,1.110223024625156e-15,0.726,-0.320205264157341,3.9499999999999993,5,11
407,high,0.6931471805599454,0.053,-2.9374633654300153,4.45,5,11
408,low,1.110223024625156e-15,0.764,-0.2691874898156165,3.9499999999999993,5,11
409,high,0.6931471805599454,0.05,-2.995732273553991,4.45,5,11
410,low,1.110223024625156e-15,0.74,-0.3011050927839216,3.9499999999999993,5,11
411,high,0.6931471805599454,0.049,-3.0159349808715104,4.45,5,11
412,low,1.110223024625156e-15,0.708,-0.34531118528841737,3.9499999999999993,5,11
413,high,0.6931471805599454,0.058,-2.8473122684357177,4.45,5,11
414,low,1.110223024625156e-15,0.784,-0.24334625863172918,3.9499999999999993,5,11
415,high,0.6931471805599454,0.046,-3.079113882493042,4.45,5,11
416,low,1.110223024625156e-15,0.744,-0.2957142441490452,3.9499999999999993,5,11
417,high,0.6931471805599454,0.052,-2.9565115604007097,4.45,5,11
418,low,1.110223024625156e-15,0.733,-0.3106095770954856,3.9499999999999993,5,11
419,high,0.6931471805599454,0.056,-2.8824035882469876,4.45,5,11
420,low,1.110223024625156e-15,0.746,-0.2930296787783762,3.9499999999999993,5,11
421,high,0.6931471805599454,0.043,-3.146555163288575,4.45,5,11
422,low,1.110223024625156e-15,0.739,-0.3024573580339353,3.9499999999999993,5,11
423,high,0.6931471805599454,0.039,-3.2441936328524905,4.45,5,11
424,low,1.110223024625156e-15,0.752,-0.28501895503229724,3.9499999999999993,5,11
425,high,0.6931471805599454,0.046,-3.079113882493042,4.45,5,11
426,low,1.110223024625156e-15,0.758,-0.2770718933397654,3.9499999999999993,5,11
427,high,0.6931471805599454,0.059,-2.8302178350764176,4.45,5,11
428,low,1.110223024625156e-15,0.772,-0.25877072895736086,3.9499999999999993,5,11
429,high,0.6931471805599454,0.045,-3.101092789211817,4.45,5,11
430,low,1.110223024625156e-15,0.757,-0.2783920255446883,3.9499999999999993,5,11
431,high,0.6931471805599454,0.045,-3.101092789211817,4.45,5,11
432,low,1.110223024625156e-15,0.747,-0.29169009384931976,3.9499999999999993,5,11
433,high,0.6931471805599454,0.055,-2.900422093749666,4.45,5,11
434,low,1.110223024625156e-15,0.738,-0.30381145438166457,3.9499999999999993,5,11
435,high,0.6931471805599454,0.043,-3.146555163288575,4.45,5,11
436,low,1.110223024625156e-15,0.751,-0.28634962721800233,3.9499999999999993,5,11
437,high,0.6931471805599454,0.045,-3.101092789211817,4.45,5,11
438,low,1.110223024625156e-15,0.768,-0.26396554583446485,3.9499999999999993,5,11
439,high,0.6931471805599454,0.041,-3.1941832122778293,4.45,5,11
440,low,1.110223024625156e-15,0.766,-0.26657310924154576,3.9499999999999993,5,11
441,high,0.6931471805599454,0.045,-3.101092789211817,4.45,5,11
442,low,1.110223024625156e-15,0.725,-0.32158362412746233,3.9499999999999993,5,11
443,high,0.6931471805599454,0.044,-3.123565645063876,4.45,5,11
444,low,1.110223024625156e-15,0.741,-0.2997546536860502,3.9499999999999993,5,11
445,high,0.6931471805599454,0.039,-3.2441936328524905,4.45,5,11
446,low,1.110223024625156e-15,0.741,-0.2997546536860502,3.9499999999999993,5,11
447,high,0.6931471805599454,0.062,-2.7806208939370456,4.45,5,11
448,low,1.110223024625156e-15,0.765,-0.2678794451556012,3.9499999999999993,5,11
449,high,0.6931471805599454,0.045,-3.101092789211817,4.45,5,11
450,low,1.110223024625156e-15,0.754,-0.282362910974181,3.9499999999999993,5,11
451,high,0.6931471805599454,0.045,-3.101092789211817,4.45,5,11
452,low,1.110223024625156e-15,0.747,-0.29169009384931976,3.9499999999999993,5,11
453,high,0.6931471805599454,0.04,-3.2188758248682006,4.45,5,11
454,low,1.110223024625156e-15,0.776,-0.25360275879891825,3.9499999999999993,5,11
455,high,0.6931471805599454,0.046,-3.079113882493042,4.45,5,11
456,low,1.110223024625156e-15,0.76,-0.2744368457017603,3.9499999999999993,5,11
457,high,0.6931471805599454,0.035,-3.3524072174927233,4.45,5,11
458,low,1.110223024625156e-15,0.757,-0.2783920255446883,3.9499999999999993,5,11
459,high,0.6931471805599454,0.053,-2.9374633654300153,4.45,5,11
460,low,1.110223024625156e-15,0.72,-0.3285040669720361,3.9499999999999993,5,11
461,high,0.6931471805599454,0.055,-2.900422093749666,4.45,5,11
462,low,1.110223024625156e-15,0.746,-0.2930296787783762,3.9499999999999993,5,11
463,high,0.6931471805599454,0.056,-2.8824035882469876,4.45,5,11
464,low,1.110223024625156e-15,0.751,-0.28634962721800233,3.9499999999999993,5,11
465,high,0.6931471805599454,0.04,-3.2188758248682006,4.45,5,11
466,low,1.110223024625156e-15,0.749,-0.2890162954649176,3.9499999999999993,5,11
467,high,0.6931471805599454,0.047,-3.0576076772720784,4.45,5,11
468,low,1.110223024625156e-15,0.718,-0.33128570993391293,3.9499999999999993,5,11
469,high,0.6931471805599454,0.045,-3.101092789211817,4.45,5,11
470,low,1.110223024625156e-15,0.75,-0.2876820724517809,3.9499999999999993,5,11
471,high,0.6931471805599454,0.044,-3.123565645063876,4.45,5,11
472,low,1.110223024625156e-15,0.725,-0.32158362412746233,3.9499999999999993,5,11
473,high,0.6931471805599454,0.046,-3.079113882493042,4.45,5,11
474,low,1.110223024625156e-15,0.741,-0.2997546536860502,3.9499999999999993,5,11
475,high,0.6931471805599454,0.048,-3.036554268074246,4.45,5,11
476,low,1.110223024625156e-15,0.747,-0.29169009384931976,3.9499999999999993,5,11
477,high,0.6931471805599454,0.039,-3.2441936328524905,4.45,5,11
478,low,1.110223024625156e-15,0.759,-0.27575350158650713,3.9499999999999993,5,11
479,high,0.6931471805599454,0.045,-3.101092789211817,4.45,5,11
480,low,1.110223024625156e-15,0.74,-0.3011050927839216,3.9499999999999993,5,11
481,high,0.6931471805599454,0.051,-2.9759296462578115,4.45,5,11
482,low,1.110223024625156e-15,0.733,-0.3106095770954856,3.9499999999999993,5,11
483,high,0.6931471805599454,0.051,-2.9759296462578115,4.45,5,11
484,low,1.110223024625156e-15,0.746,-0.2930296787783762,3.9499999999999993,5,11
485,high,0.6931471805599454,0.04,-3.2188758248682006,4.45,5,11
486,low,1.110223024625156e-15,0.756,-0.27971390280260405,3.9499999999999993,5,11
487,high,0.6931471805599454,0.042,-3.170085660698769,4.45,5,11
488,low,1.110223024625156e-15,0.782,-0.24590053843682594,3.9499999999999993,5,11
489,high,0.6931471805599454,0.042,-3.170085660698769,4.45,5,11
490,low,1.110223024625156e-15,0.734,-0.3092462503676215,3.9499999999999993,5,11
491,high,0.6931471805599454,0.031,-3.473768074496991,4.45,5,11
492,low,1.110223024625156e-15,0.741,-0.2997546536860502,3.9499999999999993,5,11
493,high,0.6931471805599454,0.04,-3.2188758248682006,4.45,5,11
494,low,1.110223024625156e-15,0.764,-0.2691874898156165,3.9499999999999993,5,11
495,high,0.6931471805599454,0.045,-3.101092789211817,4.45,5,11
496,low,1.110223024625156e-15,0.753,-0.2836900511822435,3.9499999999999993,5,11
497,high,0.6931471805599454,0.043,-3.146555163288575,4.45,5,11
498,low,1.110223024625156e-15,0.759,-0.27575350158650713,3.9499999999999993,5,11
499,high,0.6931471805599454,0.037,-3.2968373663379125,4.45,5,11
500,low,1.110223024625156e-15,0.744,-0.2957142441490452,3.9499999999999993,5,11
501,high,0.6931471805599454,0.039,-3.2441936328524905,4.45,5,11
502,low,1.110223024625156e-15,0.764,-0.2691874898156165,3.9499999999999993,5,11
503,high,0.6931471805599454,0.043,-3.146555163288575,4.45,5,11
504,low,1.110223024625156e-15,0.745,-0.29437106060257756,3.9499999999999993,5,11
505,high,0.6931471805599454,0.05,-2.995732273553991,4.45,5,11
506,low,1.110223024625156e-15,0.734,-0.3092462503676215,3.9499999999999993,5,11
507,high,0.6931471805599454,0.048,-3.036554268074246,4.45,5,11
508,low,1.110223024625156e-15,0.739,-0.3024573580339353,3.9499999999999993,5,11
509,high,0.6931471805599454,0.038,-3.270169119255751,4.45,5,11
510,low,1.110223024625156e-15,0.776,-0.25360275879891825,3.9499999999999993,5,11
511,high,0.6931471805599454,0.056,-2.8824035882469876,4.45,5,11
512,low,1.110223024625156e-15,0.743,-0.2970592342643779,3.9499999999999993,5,11
513,high,0.6931471805599454,0.041,-3.1941832122778293,4.45,5,11
514,low,1.110223024625156e-15,0.736,-0.3065251602532608,3.9499999999999993,5,11
515,high,0.6931471805599454,0.052,-2.9565115604007097,4.45,5,11
516,low,1.110223024625156e-15,0.733,-0.3106095770954856,3.9499999999999993,5,11
517,high,0.6931471805599454,0.052,-2.9565115604007097,4.45,5,11
518,low,1.110223024625156e-15,0.728,-0.3174542307854511,3.9499999999999993,5,11
519,high,0.6931471805599454,0.04,-3.2188758248682006,4.45,5,11
520,low,1.110223024625156e-15,0.739,-0.3024573580339353,3.9499999999999993,5,11
521,high,0.6931471805599454,0.037,-3.2968373663379125,4.45,5,11
522,low,1.110223024625156e-15,0.748,-0.2903523010076598,3.9499999999999993,5,11
523,high,0.6931471805599454,0.057,-2.864704011147587,4.45,5,11
524,low,1.110223024625156e-15,0.762,-0.2718087232954908,3.9499999999999993,5,11
525,high,0.6931471805599454,0.063,-2.7646205525906042,4.45,5,11
526,low,1.110223024625156e-15,0.753,-0.2836900511822435,3.9499999999999993,5,11
527,high,0.6931471805599454,0.041,-3.1941832122778293,4.45,5,11
528,low,1.110223024625156e-15,0.728,-0.3174542307854511,3.9499999999999993,5,11
529,high,0.6931471805599454,0.049,-3.0159349808715104,4.45,5,11
530,low,1.110223024625156e-15,0.726,-0.320205264157341,3.9499999999999993,5,11
531,high,0.6931471805599454,0.047,-3.0576076772720784,4.45,5,11
532,low,1.110223024625156e-15,0.76,-0.2744368457017603,3.9499999999999993,5,11
533,high,0.6931471805599454,0.041,-3.1941832122778293,4.45,5,11
534,low,1.110223024625156e-15,0.737,-0.3051673867928005,3.9499999999999993,5,11
535,high,0.6931471805599454,0.041,-3.1941832122778293,4.45,5,11
536,low,1.110223024625156e-15,0.758,-0.2770718933397654,3.9499999999999993,5,11
537,high,0.6931471805599454,0.057,-2.864704011147587,4.45,5,11
538,low,1.110223024625156e-15,0.73,-0.31471074483970024,3.9499999999999993,5,11
539,high,0.6931471805599454,0.038,-3.270169119255751,4.45,5,11
540,low,1.110223024625156e-15,0.759,-0.27575350158650713,3.9499999999999993,5,11
541,high,0.6931471805599454,0.045,-3.101092789211817,4.45,5,11
542,low,1.110223024625156e-15,0.749,-0.2890162954649176,3.9499999999999993,5,11
543,high,0.6931471805599454,0.041,-3.1941832122778293,4.45,5,11
544,low,1.110223024625156e-15,0.765,-0.2678794451556012,3.9499999999999993,5,11
545,high,0.6931471805599454,0.047,-3.0576076772720784,4.45,5,11
546,low,1.110223024625156e-15,0.746,-0.2930296787783762,3.9499999999999993,5,11
547,high,0.6931471805599454,0.045,-3.101092789211817,4.45,5,11
548,low,1.110223024625156e-15,0.752,-0.28501895503229724,3.9499999999999993,5,11
549,high,0.6931471805599454,0.043,-3.146555163288575,4.45,5,11
550,low,1.110223024625156e-15,0.743,-0.2970592342643779,3.9499999999999993,5,11
551,high,0.6931471805599454,0.031,-3.473768074496991,4.45,5,11
552,low,1.110223024625156e-15,0.745,-0.29437106060257756,3.9499999999999993,5,11
553,high,0.6931471805599454,0.049,-3.0159349808715104,4.45,5,11
554,low,1.110223024625156e-15,0.759,-0.27575350158650713,3.9499999999999993,5,11
555,high,0.6931471805599454,0.055,-2.900422093749666,4.45,5,11
556,low,1.110223024625156e-15,0.761,-0.2731219211204512,3.9499999999999993,5,11
557,high,0.6931471805599454,0.043,-3.146555163288575,4.45,5,11
558,low,1.110223024625156e-15,0.744,-0.2957142441490452,3.9499999999999993,5,11
559,high,0.6931471805599454,0.045,-3.101092789211817,4.45,5,11
560,low,1.110223024625156e-15,0.75,-0.2876820724517809,3.9499999999999993,5,11
561,high,0.6931471805599454,0.039,-3.2441936328524905,4.45,5,11
562,low,1.110223024625156e-15,0.729,-0.31608154697347896,3.9499999999999993,5,11
563,high,0.6931471805599454,0.035,-3.3524072174927233,4.45,5,11
564,low,1.110223024625156e-15,0.753,-0.2836900511822435,3.9499999999999993,5,11
565,high,0.6931471805599454,0.049,-3.0159349808715104,4.45,5,11
566,low,1.110223024625156e-15,0.757,-0.2783920255446883,3.9499999999999993,5,11
567,high,0.6931471805599454,0.057,-2.864704011147587,4.45,5,11
568,low,1.110223024625156e-15,0.742,-0.2984060358147566,3.9499999999999993,5,11
569,high,0.6931471805599454,0.031,-3.473768074496991,4.45,5,11
570,low,1.110223024625156e-15,0.743,-0.2970592342643779,3.9499999999999993,5,11
571,high,0.6931471805599454,0.052,-2.9565115604007097,4.45,5,11
572,low,1.110223024625156e-15,0.746,-0.2930296787783762,3.9499999999999993,5,11
573,high,0.6931471805599454,0.054,-2.9187712324178627,4.45,5,11
574,low,1.110223024625156e-15,0.771,-0.26006690541880756,3.9499999999999993,5,11
575,high,0.6931471805599454,0.043,-3.146555163288575,4.45,5,11
576,low,1.110223024625156e-15,0.764,-0.2691874898156165,3.9499999999999993,5,11
577,high,0.6931471805599454,0.037,-3.2968373663379125,4.45,5,11
578,low,1.110223024625156e-15,0.741,-0.2997546536860502,3.9499999999999993,5,11
579,high,0.6931471805599454,0.052,-2.9565115604007097,4.45,5,11
580,low,1.110223024625156e-15,0.758,-0.2770718933397654,3.9499999999999993,5,11
581,high,0.6931471805599454,0.046,-3.079113882493042,4.45,5,11
582,low,1.110223024625156e-15,0.725,-0.32158362412746233,3.9499999999999993,5,11
583,high,0.6931471805599454,0.047,-3.0576076772720784,4.45,5,11
584,low,1.110223024625156e-15,0.755,-0.28103752973311236,3.9499999999999993,5,11
585,high,0.6931471805599454,0.049,-3.0159349808715104,4.45,5,11
586,low,1.110223024625156e-15,0.751,-0.28634962721800233,3.9499999999999993,5,11
587,high,0.6931471805599454,0.042,-3.170085660698769,4.45,5,11
588,low,1.110223024625156e-15,0.772,-0.25877072895736086,3.9499999999999993,5,11
589,high,0.6931471805599454,0.047,-3.0576076772720784,4.45,5,11
590,low,1.110223024625156e-15,0.744,-0.2957142441490452,3.9499999999999993,5,11
591,high,0.6931471805599454,0.048,-3.036554268074246,4.45,5,11
592,low,1.110223024625156e-15,0.771,-0.26006690541880756,3.9499999999999993,5,11
593,high,0.6931471805599454,0.04,-3.2188758248682006,4.45,5,11
594,low,1.110223024625156e-15,0.728,-0.3174542307854511,3.9499999999999993,5,11
595,high,0.6931471805599454,0.039,-3.2441936328524905,4.45,5,11
596,low,1.110223024625156e-15,0.754,-0.282362910974181,3.9499999999999993,5,11
597,high,0.6931471805599454,0.042,-3.170085660698769,4.45,5,11
598,low,1.110223024625156e-15,0.737,-0.3051673867928005,3.9499999999999993,5,11
599,high,0.6931471805599454,0.04,-3.2188758248682006,4.45,5,11
600,low,1.110223024625156e-15,0.756,-0.27971390280260405,3.9499999999999993,5,11
601,high,0.6931471805599454,0.053,-2.9374633654300153,4.45,5,11
602,low,1.110223024625156e-15,0.749,-0.2890162954649176,3.9499999999999993,5,11
603,high,0.6931471805599454,0.045,-3.101092789211817,4.45,5,11
604,low,1.110223024625156e-15,0.744,-0.2957142441490452,3.9499999999999993,5,11
605,high,0.6931471805599454,0.046,-3.079113882493042,4.45,5,11
606,low,1.110223024625156e-15,0.753,-0.2836900511822435,3.9499999999999993,5,11
607,high,0.6931471805599454,0.04,-3.2188758248682006,4.45,5,11
608,low,1.110223024625156e-15,0.747,-0.29169009384931976,3.9499999999999993,5,11
609,high,0.6931471805599454,0.055,-2.900422093749666,4.45,5,11
610,low,1.110223024625156e-15,0.763,-0.27049724769768,3.9499999999999993,5,11
611,high,0.6931471805599454,0.058,-2.8473122684357177,4.45,5,11
612,low,1.110223024625156e-15,0.763,-0.27049724769768,3.9499999999999993,5,11
613,high,0.6931471805599454,0.059,-2.8302178350764176,4.45,5,11
614,low,1.110223024625156e-15,0.752,-0.28501895503229724,3.9499999999999993,5,11
615,high,0.6931471805599454,0.054,-2.9187712324178627,4.45,5,11
616,low,1.110223024625156e-15,0.769,-0.26266430947649305,3.9499999999999993,5,11
617,high,0.6931471805599454,0.037,-3.2968373663379125,4.45,5,11
618,low,1.110223024625156e-15,0.742,-0.2984060358147566,3.9499999999999993,5,11
619,high,0.6931471805599454,0.055,-2.900422093749666,4.45,5,11
620,low,1.110223024625156e-15,0.728,-0.3174542307854511,3.9499999999999993,5,11
621,high,0.6931471805599454,0.05,-2.995732273553991,4.45,5,11
622,low,1.110223024625156e-15,0.766,-0.26657310924154576,3.9499999999999993,5,11
623,high,0.6931471805599454,0.05,-2.995732273553991,4.45,5,11
624,low,1.110223024625156e-15,0.758,-0.2770718933397654,3.9499999999999993,5,11
625,high,0.6931471805599454,0.038,-3.270169119255751,4.45,5,11
626,low,1.110223024625156e-15,0.733,-0.3106095770954856,3.9499999999999993,5,11
627,high,0.6931471805599454,0.043,-3.146555163288575,4.45,5,11
628,low,1.110223024625156e-15,0.743,-0.2970592342643779,3.9499999999999993,5,11
629,high,0.6931471805599454,0.047,-3.0576076772720784,4.45,5,11
630,low,1.110223024625156e-15,0.726,-0.320205264157341,3.9499999999999993,5,11
631,high,0.6931471805599454,0.055,-2.900422093749666,4.45,5,11
632,low,1.110223024625156e-15,0.76,-0.2744368457017603,3.9499999999999993,5,11
633,high,0.6931471805599454,0.041,-3.1941832122778293,4.45,5,11
634,low,1.110223024625156e-15,0.743,-0.2970592342643779,3.9499999999999993,5,11
635,high,0.6931471805599454,0.052,-2.9565115604007097,4.45,5,11
636,low,1.110223024625156e-15,0.732,-0.3119747650208255,3.9499999999999993,5,11
637,high,0.6931471805599454,0.048,-3.036554268074246,4.45,5,11
638,low,1.110223024625156e-15,0.764,-0.2691874898156165,3.9499999999999993,5,11
639,high,0.6931471805599454,0.043,-3.146555163288575,4.45,5,11
640,low,1.110223024625156e-15,0.749,-0.2890162954649176,3.9499999999999993,5,11
641,high,0.6931471805599454,0.043,-3.146555163288575,4.45,5,11
642,low,1.110223024625156e-15,0.758,-0.2770718933397654,3.9499999999999993,5,11
643,high,0.6931471805599454,0.054,-2.9187712324178627,4.45,5,11
644,low,1.110223024625156e-15,0.778,-0.2510287548037454,3.9499999999999993,5,11
645,high,0.6931471805599454,0.046,-3.079113882493042,4.45,5,11
646,low,1.110223024625156e-15,0.741,-0.2997546536860502,3.9499999999999993,5,11
647,high,0.6931471805599454,0.054,-2.9187712324178627,4.45,5,11
648,low,1.110223024625156e-15,0.756,-0.27971390280260405,3.9499999999999993,5,11
649,high,0.6931471805599454,0.059,-2.8302178350764176,4.45,5,11
650,low,1.110223024625156e-15,0.762,-0.2718087232954908,3.9499999999999993,5,11
651,high,0.6931471805599454,0.053,-2.9374633654300153,4.45,5,11
652,low,1.110223024625156e-15,0.728,-0.3174542307854511,3.9499999999999993,5,11
653,high,0.6931471805599454,0.043,-3.146555163288575,4.45,5,11
654,low,1.110223024625156e-15,0.744,-0.2957142441490452,3.9499999999999993,5,11
655,high,0.6931471805599454,0.046,-3.079113882493042,4.45,5,11
656,low,1.110223024625156e-15,0.746,-0.2930296787783762,3.9499999999999993,5,11
657,high,0.6931471805599454,0.038,-3.270169119255751,4.45,5,11
658,low,1.110223024625156e-15,0.766,-0.26657310924154576,3.9499999999999993,5,11
659,high,0.6931471805599454,0.042,-3.170085660698769,4.45,5,11
660,low,1.110223024625156e-15,0.757,-0.2783920255446883,3.9499999999999993,5,11
661,high,0.6931471805599454,0.046,-3.079113882493042,4.45,5,11
662,low,1.110223024625156e-15,0.753,-0.2836900511822435,3.9499999999999993,5,11
663,high,0.6931471805599454,0.052,-2.9565115604007097,4.45,5,11
664,low,1.110223024625156e-15,0.732,-0.3119747650208255,3.9499999999999993,5,11
665,high,0.6931471805599454,0.05,-2.995732273553991,4.45,5,11
666,low,1.110223024625156e-15,0.756,-0.27971390280260405,3.9499999999999993,5,11
667,high,0.6931471805599454,0.049,-3.0159349808715104,4.45,5,11
668,low,1.110223024625156e-15,0.773,-0.25747623039471507,3.9499999999999993,5,11
669,high,0.6931471805599454,0.047,-3.0576076772720784,4.45,5,11
670,low,1.110223024625156e-15,0.729,-0.31608154697347896,3.9499999999999993,5,11
671,high,0.6931471805599454,0.038,-3.270169119255751,4.45,5,11
672,low,1.110223024625156e-15,0.766,-0.26657310924154576,3.9499999999999993,5,11
673,high,0.6931471805599454,0.041,-3.1941832122778293,4.45,5,11
674,low,1.110223024625156e-15,0.739,-0.3024573580339353,3.9499999999999993,5,11
675,high,0.6931471805599454,0.047,-3.0576076772720784,4.45,5,11
676,low,1.110223024625156e-15,0.758,-0.2770718933397654,3.9499999999999993,5,11
677,high,0.6931471805599454,0.051,-2.9759296462578115,4.45,5,11
678,low,1.110223024625156e-15,0.714,-0.33687231664255274,3.9499999999999993,5,11
679,high,0.6931471805599454,0.035,-3.3524072174927233,4.45,5,11
680,low,1.110223024625156e-15,0.736,-0.3065251602532608,3.9499999999999993,5,11
681,high,0.6931471805599454,0.052,-2.9565115604007097,4.45,5,11
682,low,1.110223024625156e-15,0.748,-0.2903523010076598,3.9499999999999993,5,11
683,high,0.6931471805599454,0.052,-2.9565115604007097,4.45,5,11
684,low,1.110223024625156e-15,0.74,-0.3011050927839216,3.9499999999999993,5,11
685,high,0.6931471805599454,0.041,-3.1941832122778293,4.45,5,11
686,low,1.110223024625156e-15,0.76,-0.2744368457017603,3.9499999999999993,5,11
687,high,0.6931471805599454,0.054,-2.9187712324178627,4.45,5,11
688,low,1.110223024625156e-15,0.746,-0.2930296787783762,3.9499999999999993,5,11
689,high,0.6931471805599454,0.049,-3.0159349808715104,4.45,5,11
690,low,1.110223024625156e-15,0.733,-0.3106095770954856,3.9499999999999993,5,11
691,high,0.6931471805599454,0.037,-3.2968373663379125,4.45,5,11
692,low,1.110223024625156e-15,0.763,-0.27049724769768,3.9499999999999993,5,11
693,high,0.6931471805599454,0.025,-3.6888794541139363,4.45,5,11
694,low,1.110223024625156e-15,0.772,-0.25877072895736086,3.9499999999999993,5,11
695,high,0.6931471805599454,0.038,-3.270169119255751,4.45,5,11
696,low,1.110223024625156e-15,0.723,-0.3243460568233724,3.9499999999999993,5,11
697,high,0.6931471805599454,0.042,-3.170085660698769,4.45,5,11
698,low,1.110223024625156e-15,0.766,-0.26657310924154576,3.9499999999999993,5,11
699,high,0.6931471805599454,0.038,-3.270169119255751,4.45,5,11
700,low,1.110223024625156e-15,0.746,-0.2930296787783762,3.9499999999999993,5,11
701,high,0.6931471805599454,0.052,-2.9565115604007097,4.45,5,11
702,low,1.110223024625156e-15,0.751,-0.28634962721800233,3.9499999999999993,5,11
703,high,0.6931471805599454,0.036,-3.3242363405260273,4.45,5,11
704,low,1.110223024625156e-15,0.749,-0.2890162954649176,3.9499999999999993,5,11
705,high,0.6931471805599454,0.044,-3.123565645063876,4.45,5,11
706,low,1.110223024625156e-15,0.753,-0.2836900511822435,3.9499999999999993,5,11
707,high,0.6931471805599454,0.056,-2.8824035882469876,4.45,5,11
708,low,1.110223024625156e-15,0.77,-0.2613647641344075,3.9499999999999993,5,11
709,high,0.6931471805599454,0.046,-3.079113882493042,4.45,5,11
710,low,1.110223024625156e-15,0.765,-0.2678794451556012,3.9499999999999993,5,11
711,high,0.6931471805599454,0.056,-2.8824035882469876,4.45,5,11
712,low,1.110223024625156e-15,0.758,-0.2770718933397654,3.9499999999999993,5,11
713,high,0.6931471805599454,0.045,-3.101092789211817,4.45,5,11
714,low,1.110223024625156e-15,0.759,-0.27575350158650713,3.9499999999999993,5,11
715,high,0.6931471805599454,0.044,-3.123565645063876,4.45,5,11
716,low,1.110223024625156e-15,0.746,-0.2930296787783762,3.9499999999999993,5,11
717,high,0.6931471805599454,0.039,-3.2441936328524905,4.45,5,11
718,low,1.110223024625156e-15,0.794,-0.23067181773500128,3.9499999999999993,5,11
719,high,0.6931471805599454,0.046,-3.079113882493042,4.45,5,11
720,low,1.110223024625156e-15,0.75,-0.2876820724517809,3.9499999999999993,5,11
721,high,0.6931471805599454,0.051,-2.9759296462578115,4.45,5,11
722,low,1.110223024625156e-15,0.744,-0.2957142441490452,3.9499999999999993,5,11
723,high,0.6931471805599454,0.055,-2.900422093749666,4.45,5,11
724,low,1.110223024625156e-15,0.763,-0.27049724769768,3.9499999999999993,5,11
725,high,0.6931471805599454,0.039,-3.2441936328524905,4.45,5,11
726,low,1.110223024625156e-15,0.743,-0.2970592342643779,3.9499999999999993,5,11
727,high,0.6931471805599454,0.054,-2.9187712324178627,4.45,5,11
728,low,1.110223024625156e-15,0.755,-0.28103752973311236,3.9499999999999993,5,11
729,high,0.6931471805599454,0.06,-2.8134107167600364,4.45,5,11
730,low,1.110223024625156e-15,0.728,-0.3174542307854511,3.9499999999999993,5,11
731,high,0.6931471805599454,0.052,-2.9565115604007097,4.45,5,11
732,low,1.110223024625156e-15,0.765,-0.2678794451556012,3.9499999999999993,5,11
733,high,0.6931471805599454,0.054,-2.9187712324178627,4.45,5,11
734,low,1.110223024625156e-15,0.742,-0.2984060358147566,3.9499999999999993,5,11
735,high,0.6931471805599454,0.04,-3.2188758248682006,4.45,5,11
736,low,1.110223024625156e-15,0.765,-0.2678794451556012,3.9499999999999993,5,11
737,high,0.6931471805599454,0.044,-3.123565645063876,4.45,5,11
738,low,1.110223024625156e-15,0.719,-0.3298939212610904,3.9499999999999993,5,11
739,high,0.6931471805599454,0.06,-2.8134107167600364,4.45,5,11
740,low,1.110223024625156e-15,0.721,-0.327116141697188,3.9499999999999993,5,11
741,high,0.6931471805599454,0.049,-3.0159349808715104,4.45,5,11
742,low,1.110223024625156e-15,0.732,-0.3119747650208255,3.9499999999999993,5,11
743,high,0.6931471805599454,0.043,-3.146555163288575,4.45,5,11
744,low,1.110223024625156e-15,0.725,-0.32158362412746233,3.9499999999999993,5,11
745,high,0.6931471805599454,0.039,-3.2441936328524905,4.45,5,11
746,low,1.110223024625156e-15,0.743,-0.2970592342643779,3.9499999999999993,5,11
747,high,0.6931471805599454,0.044,-3.123565645063876,4.45,5,11
748,low,1.110223024625156e-15,0.736,-0.3065251602532608,3.9499999999999993,5,11
749,high,0.6931471805599454,0.039,-3.2441936328524905,4.45,5,11
750,low,1.110223024625156e-15,0.746,-0.2930296787783762,3.9499999999999993,5,11
751,high,0.6931471805599454,0.048,-3.036554268074246,4.45,5,11
752,low,1.110223024625156e-15,0.758,-0.2770718933397654,3.9499999999999993,5,11
753,high,0.6931471805599454,0.044,-3.123565645063876,4.45,5,11
754,low,1.110223024625156e-15,0.723,-0.3243460568233724,3.9499999999999993,5,11
755,high,0.6931471805599454,0.037,-3.2968373663379125,4.45,5,11
756,low,1.110223024625156e-15,0.726,-0.320205264157341,3.9499999999999993,5,11
757,high,0.6931471805599454,0.043,-3.146555163288575,4.45,5,11
758,low,1.110223024625156e-15,0.74,-0.3011050927839216,3.9499999999999993,5,11
759,high,0.6931471805599454,0.052,-2.9565115604007097,4.45,5,11
760,low,1.110223024625156e-15,0.77,-0.2613647641344075,3.9499999999999993,5,11
761,high,0.6931471805599454,0.051,-2.9759296462578115,4.45,5,11
762,low,1.110223024625156e-15,0.73,-0.31471074483970024,3.9499999999999993,5,11
763,high,0.6931471805599454,0.062,-2.7806208939370456,4.45,5,11
764,low,1.110223024625156e-15,0.748,-0.2903523010076598,3.9499999999999993,5,11
765,high,0.6931471805599454,0.045,-3.101092789211817,4.45,5,11
766,low,1.110223024625156e-15,0.755,-0.28103752973311236,3.9499999999999993,5,11
767,high,0.6931471805599454,0.052,-2.9565115604007097,4.45,5,11
768,low,1.110223024625156e-15,0.766,-0.26657310924154576,3.9499999999999993,5,11
769,high,0.6931471805599454,0.048,-3.036554268074246,4.45,5,11
770,low,1.110223024625156e-15,0.739,-0.3024573580339353,3.9499999999999993,5,11
771,high,0.6931471805599454,0.048,-3.036554268074246,4.45,5,11
772,low,1.110223024625156e-15,0.722,-0.32573014008931084,3.9499999999999993,5,11
773,high,0.6931471805599454,0.039,-3.2441936328524905,4.45,5,11
774,low,1.110223024625156e-15,0.769,-0.26266430947649305,3.9499999999999993,5,11
775,high,0.6931471805599454,0.062,-2.7806208939370456,4.45,5,11
776,low,1.110223024625156e-15,0.755,-0.28103752973311236,3.9499999999999993,5,11
777,high,0.6931471805599454,0.045,-3.101092789211817,4.45,5,11
778,low,1.110223024625156e-15,0.735,-0.3078847797693004,3.9499999999999993,5,11
779,high,0.6931471805599454,0.038,-3.270169119255751,4.45,5,11
780,low,1.110223024625156e-15,0.754,-0.282362910974181,3.9499999999999993,5,11
781,high,0.6931471805599454,0.045,-3.101092789211817,4.45,5,11
782,low,1.110223024625156e-15,0.749,-0.2890162954649176,3.9499999999999993,5,11
783,high,0.6931471805599454,0.048,-3.036554268074246,4.45,5,11
784,low,1.110223024625156e-15,0.745,-0.29437106060257756,3.9499999999999993,5,11
785,high,0.6931471805599454,0.036,-3.3242363405260273,4.45,5,11
786,low,1.110223024625156e-15,0.766,-0.26657310924154576,3.9499999999999993,5,11
787,high,0.6931471805599454,0.044,-3.123565645063876,4.45,5,11
788,low,1.110223024625156e-15,0.738,-0.30381145438166457,3.9499999999999993,5,11
789,high,0.6931471805599454,0.044,-3.123565645063876,4.45,5,11
790,low,1.110223024625156e-15,0.766,-0.26657310924154576,3.9499999999999993,5,11
791,high,0.6931471805599454,0.054,-2.9187712324178627,4.45,5,11
792,low,1.110223024625156e-15,0.755,-0.28103752973311236,3.9499999999999993,5,11
793,high,0.6931471805599454,0.053,-2.9374633654300153,4.45,5,11
794,low,1.110223024625156e-15,0.747,-0.29169009384931976,3.9499999999999993,5,11
795,high,0.6931471805599454,0.044,-3.123565645063876,4.45,5,11
796,low,1.110223024625156e-15,0.74,-0.3011050927839216,3.9499999999999993,5,11
797,high,0.6931471805599454,0.047,-3.0576076772720784,4.45,5,11
798,low,1.110223024625156e-15,0.761,-0.2731219211204512,3.9499999999999993,5,11
799,high,0.6931471805599454,0.049,-3.0159349808715104,4.45,5,11
800,low,1.110223024625156e-15,0.763,-0.27049724769768,3.9499999999999993,5,11
801,high,0.6931471805599454,0.049,-3.0159349808715104,4.45,5,11
802,low,1.110223024625156e-15,0.775,-0.25489224962879004,3.9499999999999993,5,11
803,high,0.6931471805599454,0.062,-2.7806208939370456,4.45,5,11
804,low,1.110223024625156e-15,0.757,-0.2783920255446883,3.9499999999999993,5,11
805,high,0.6931471805599454,0.048,-3.036554268074246,4.45,5,11
806,low,1.110223024625156e-15,0.769,-0.26266430947649305,3.9499999999999993,5,11
807,high,0.6931471805599454,0.042,-3.170085660698769,4.45,5,11
808,low,1.110223024625156e-15,0.75,-0.2876820724517809,3.9499999999999993,5,11
809,high,0.6931471805599454,0.04,-3.2188758248682006,4.45,5,11
810,low,1.110223024625156e-15,0.747,-0.29169009384931976,3.9499999999999993,5,11
811,high,0.6931471805599454,0.036,-3.3242363405260273,4.45,5,11
812,low,1.110223024625156e-15,0.74,-0.3011050927839216,3.9499999999999993,5,11
813,high,0.6931471805599454,0.047,-3.0576076772720784,4.45,5,11
814,low,1.110223024625156e-15,0.751,-0.28634962721800233,3.9499999999999993,5,11
815,high,0.6931471805599454,0.043,-3.146555163288575,4.45,5,11
816,low,1.110223024625156e-15,0.729,-0.31608154697347896,3.9499999999999993,5,11
817,high,0.6931471805599454,0.042,-3.170085660698769,4.45,5,11
818,low,1.110223024625156e-15,0.748,-0.2903523010076598,3.9499999999999993,5,11
819,high,0.6931471805599454,0.054,-2.9187712324178627,4.45,5,11
820,low,1.110223024625156e-15,0.747,-0.29169009384931976,3.9499999999999993,5,11
821,high,0.6931471805599454,0.044,-3.123565645063876,4.45,5,11
822,low,1.110223024625156e-15,0.751,-0.28634962721800233,3.9499999999999993,5,11
823,high,0.6931471805599454,0.049,-3.0159349808715104,4.45,5,11
824,low,1.110223024625156e-15,0.771,-0.26006690541880756,3.9499999999999993,5,11
825,high,0.6931471805599454,0.044,-3.123565645063876,4.45,5,11
826,low,1.110223024625156e-15,0.76,-0.2744368457017603,3.9499999999999993,5,11
827,high,0.6931471805599454,0.053,-2.9374633654300153,4.45,5,11
828,low,1.110223024625156e-15,0.755,-0.28103752973311236,3.9499999999999993,5,11
829,high,0.6931471805599454,0.038,-3.270169119255751,4.45,5,11
830,low,1.110223024625156e-15,0.755,-0.28103752973311236,3.9499999999999993,5,11
831,high,0.6931471805599454,0.046,-3.079113882493042,4.45,5,11
832,low,1.110223024625156e-15,0.724,-0.3229638865964207,3.9499999999999993,5,11
833,high,0.6931471805599454,0.038,-3.270169119255751,4.45,5,11
834,low,1.110223024625156e-15,0.739,-0.3024573580339353,3.9499999999999993,5,11
835,high,0.6931471805599454,0.044,-3.123565645063876,4.45,5,11
836,low,1.110223024625156e-15,0.742,-0.2984060358147566,3.9499999999999993,5,11
837,high,0.6931471805599454,0.05,-2.995732273553991,4.45,5,11
838,low,1.110223024625156e-15,0.733,-0.3106095770954856,3.9499999999999993,5,11
839,high,0.6931471805599454,0.031,-3.473768074496991,4.45,5,11
840,low,1.110223024625156e-15,0.76,-0.2744368457017603,3.9499999999999993,5,11
841,high,0.6931471805599454,0.049,-3.0159349808715104,4.45,5,11
842,low,1.110223024625156e-15,0.745,-0.29437106060257756,3.9499999999999993,5,11
843,high,0.6931471805599454,0.042,-3.170085660698769,4.45,5,11
844,low,1.110223024625156e-15,0.784,-0.24334625863172918,3.9499999999999993,5,11
845,high,0.6931471805599454,0.043,-3.146555163288575,4.45,5,11
846,low,1.110223024625156e-15,0.75,-0.2876820724517809,3.9499999999999993,5,11
847,high,0.6931471805599454,0.04,-3.2188758248682006,4.45,5,11
848,low,1.110223024625156e-15,0.74,-0.3011050927839216,3.9499999999999993,5,11
849,high,0.6931471805599454,0.044,-3.123565645063876,4.45,5,11
850,low,1.110223024625156e-15,0.732,-0.3119747650208255,3.9499999999999993,5,11
851,high,0.6931471805599454,0.054,-2.9187712324178627,4.45,5,11
852,low,1.110223024625156e-15,0.742,-0.2984060358147566,3.9499999999999993,5,11
853,high,0.6931471805599454,0.044,-3.123565645063876,4.45,5,11
854,low,1.110223024625156e-15,0.749,-0.2890162954649176,3.9499999999999993,5,11
855,high,0.6931471805599454,0.055,-2.900422093749666,4.45,5,11
856,low,1.110223024625156e-15,0.75,-0.2876820724517809,3.9499999999999993,5,11
857,high,0.6931471805599454,0.038,-3.270169119255751,4.45,5,11
858,low,1.110223024625156e-15,0.745,-0.29437106060257756,3.9499999999999993,5,11
859,high,0.6931471805599454,0.052,-2.9565115604007097,4.45,5,11
860,low,1.110223024625156e-15,0.744,-0.2957142441490452,3.9499999999999993,5,11
861,high,0.6931471805599454,0.05,-2.995732273553991,4.45,5,11
862,low,1.110223024625156e-15,0.732,-0.3119747650208255,3.9499999999999993,5,11
863,high,0.6931471805599454,0.038,-3.270169119255751,4.45,5,11
864,low,1.110223024625156e-15,0.783,-0.2446225829913339,3.9499999999999993,5,11
865,high,0.6931471805599454,0.059,-2.8302178350764176,4.45,5,11
866,low,1.110223024625156e-15,0.734,-0.3092462503676215,3.9499999999999993,5,11
867,high,0.6931471805599454,0.037,-3.2968373663379125,4.45,5,11
868,low,1.110223024625156e-15,0.746,-0.2930296787783762,3.9499999999999993,5,11
869,high,0.6931471805599454,0.049,-3.0159349808715104,4.45,5,11
870,low,1.110223024625156e-15,0.762,-0.2718087232954908,3.9499999999999993,5,11
871,high,0.6931471805599454,0.038,-3.270169119255751,4.45,5,11
872,low,1.110223024625156e-15,0.735,-0.3078847797693004,3.9499999999999993,5,11
873,high,0.6931471805599454,0.044,-3.123565645063876,4.45,5,11
874,low,1.110223024625156e-15,0.736,-0.3065251602532608,3.9499999999999993,5,11
875,high,0.6931471805599454,0.047,-3.0576076772720784,4.45,5,11
876,low,1.110223024625156e-15,0.764,-0.2691874898156165,3.9499999999999993,5,11
877,high,0.6931471805599454,0.047,-3.0576076772720784,4.45,5,11
878,low,1.110223024625156e-15,0.758,-0.2770718933397654,3.9499999999999993,5,11
879,high,0.6931471805599454,0.051,-2.9759296462578115,4.45,5,11
880,low,1.110223024625156e-15,0.743,-0.2970592342643779,3.9499999999999993,5,11
881,high,0.6931471805599454,0.048,-3.036554268074246,4.45,5,11
882,low,1.110223024625156e-15,0.745,-0.29437106060257756,3.9499999999999993,5,11
883,high,0.6931471805599454,0.046,-3.079113882493042,4.45,5,11
884,low,1.110223024625156e-15,0.758,-0.2770718933397654,3.9499999999999993,5,11
885,high,0.6931471805599454,0.047,-3.0576076772720784,4.45,5,11
886,low,1.110223024625156e-15,0.769,-0.26266430947649305,3.9499999999999993,5,11
887,high,0.6931471805599454,0.058,-2.8473122684357177,4.45,5,11
888,low,1.110223024625156e-15,0.757,-0.2783920255446883,3.9499999999999993,5,11
889,high,0.6931471805599454,0.041,-3.1941832122778293,4.45,5,11
890,low,1.110223024625156e-15,0.759,-0.27575350158650713,3.9499999999999993,5,11
891,high,0.6931471805599454,0.046,-3.079113882493042,4.45,5,11
892,low,1.110223024625156e-15,0.748,-0.2903523010076598,3.9499999999999993,5,11
893,high,0.6931471805599454,0.036,-3.3242363405260273,4.45,5,11
894,low,1.110223024625156e-15,0.74,-0.3011050927839216,3.9499999999999993,5,11
895,high,0.6931471805599454,0.05,-2.995732273553991,4.45,5,11
896,low,1.110223024625156e-15,0.757,-0.2783920255446883,3.9499999999999993,5,11
897,high,0.6931471805599454,0.045,-3.101092789211817,4.45,5,11
898,low,1.110223024625156e-15,0.741,-0.2997546536860502,3.9499999999999993,5,11
899,high,0.6931471805599454,0.049,-3.0159349808715104,4.45,5,11
900,low,1.110223024625156e-15,0.764,-0.2691874898156165,3.9499999999999993,5,11
901,high,0.6931471805599454,0.042,-3.170085660698769,4.45,5,11
902,low,1.110223024625156e-15,0.759,-0.27575350158650713,3.9499999999999993,5,11
903,high,0.6931471805599454,0.045,-3.101092789211817,4.45,5,11
904,low,1.110223024625156e-15,0.745,-0.29437106060257756,3.9499999999999993,5,11
905,high,0.6931471805599454,0.049,-3.0159349808715104,4.45,5,11
906,low,1.110223024625156e-15,0.742,-0.2984060358147566,3.9499999999999993,5,11
907,high,0.6931471805599454,0.039,-3.2441936328524905,4.45,5,11
908,low,1.110223024625156e-15,0.757,-0.2783920255446883,3.9499999999999993,5,11
909,high,0.6931471805599454,0.041,-3.1941832122778293,4.45,5,11
910,low,1.110223024625156e-15,0.757,-0.2783920255446883,3.9499999999999993,5,11
911,high,0.6931471805599454,0.051,-2.9759296462578115,4.45,5,11
912,low,1.110223024625156e-15,0.758,-0.2770718933397654,3.9499999999999993,5,11
913,high,0.6931471805599454,0.05,-2.995732273553991,4.45,5,11
914,low,1.110223024625156e-15,0.771,-0.26006690541880756,3.9499999999999993,5,11
915,high,0.6931471805599454,0.042,-3.170085660698769,4.45,5,11
916,low,1.110223024625156e-15,0.751,-0.28634962721800233,3.9499999999999993,5,11
917,high,0.6931471805599454,0.038,-3.270169119255751,4.45,5,11
918,low,1.110223024625156e-15,0.728,-0.3174542307854511,3.9499999999999993,5,11
919,high,0.6931471805599454,0.032,-3.4420193761824103,4.45,5,11
920,low,1.110223024625156e-15,0.731,-0.3133418192323586,3.9499999999999993,5,11
921,high,0.6931471805599454,0.049,-3.0159349808715104,4.45,5,11
922,low,1.110223024625156e-15,0.734,-0.3092462503676215,3.9499999999999993,5,11
923,high,0.6931471805599454,0.039,-3.2441936328524905,4.45,5,11
924,low,1.110223024625156e-15,0.753,-0.2836900511822435,3.9499999999999993,5,11
925,high,0.6931471805599454,0.041,-3.1941832122778293,4.45,5,11
926,low,1.110223024625156e-15,0.734,-0.3092462503676215,3.9499999999999993,5,11
927,high,0.6931471805599454,0.044,-3.123565645063876,4.45,5,11
928,low,1.110223024625156e-15,0.739,-0.3024573580339353,3.9499999999999993,5,11
929,high,0.6931471805599454,0.041,-3.1941832122778293,4.45,5,11
930,low,1.110223024625156e-15,0.735,-0.3078847797693004,3.9499999999999993,5,11
931,high,0.6931471805599454,0.046,-3.079113882493042,4.45,5,11
932,low,1.110223024625156e-15,0.76,-0.2744368457017603,3.9499999999999993,5,11
933,high,0.6931471805599454,0.045,-3.101092789211817,4.45,5,11
934,low,1.110223024625156e-15,0.744,-0.2957142441490452,3.9499999999999993,5,11
935,high,0.6931471805599454,0.047,-3.0576076772720784,4.45,5,11
936,low,1.110223024625156e-15,0.734,-0.3092462503676215,3.9499999999999993,5,11
937,high,0.6931471805599454,0.043,-3.146555163288575,4.45,5,11
938,low,1.110223024625156e-15,0.714,-0.33687231664255274,3.9499999999999993,5,11
939,high,0.6931471805599454,0.042,-3.170085660698769,4.45,5,11
940,low,1.110223024625156e-15,0.739,-0.3024573580339353,3.9499999999999993,5,11
941,high,0.6931471805599454,0.036,-3.3242363405260273,4.45,5,11
942,low,1.110223024625156e-15,0.774,-0.2561834053924099,3.9499999999999993,5,11
943,high,0.6931471805599454,0.05,-2.995732273553991,4.45,5,11
944,low,1.110223024625156e-15,0.737,-0.3051673867928005,3.9499999999999993,5,11
945,high,0.6931471805599454,0.059,-2.8302178350764176,4.45,5,11
946,low,1.110223024625156e-15,0.766,-0.26657310924154576,3.9499999999999993,5,11
947,high,0.6931471805599454,0.053,-2.9374633654300153,4.45,5,11
948,low,1.110223024625156e-15,0.757,-0.2783920255446883,3.9499999999999993,5,11
949,high,0.6931471805599454,0.056,-2.8824035882469876,4.45,5,11
950,low,1.110223024625156e-15,0.751,-0.28634962721800233,3.9499999999999993,5,11
951,high,0.6931471805599454,0.041,-3.1941832122778293,4.45,5,11
952,low,1.110223024625156e-15,0.767,-0.26526847761488087,3.9499999999999993,5,11
953,high,0.6931471805599454,0.053,-2.9374633654300153,4.45,5,11
954,low,1.110223024625156e-15,0.757,-0.2783920255446883,3.9499999999999993,5,11
955,high,0.6931471805599454,0.05,-2.995732273553991,4.45,5,11
956,low,1.110223024625156e-15,0.741,-0.2997546536860502,3.9499999999999993,5,11
957,high,0.6931471805599454,0.05,-2.995732273553991,4.45,5,11
958,low,1.110223024625156e-15,0.76,-0.2744368457017603,3.9499999999999993,5,11
959,high,0.6931471805599454,0.033,-3.4112477175156566,4.45,5,11
960,low,1.110223024625156e-15,0.736,-0.3065251602532608,3.9499999999999993,5,11
961,high,0.6931471805599454,0.054,-2.9187712324178627,4.45,5,11
962,low,1.110223024625156e-15,0.745,-0.29437106060257756,3.9499999999999993,5,11
963,high,0.6931471805599454,0.047,-3.0576076772720784,4.45,5,11
964,low,1.110223024625156e-15,0.749,-0.2890162954649176,3.9499999999999993,5,11
965,high,0.6931471805599454,0.05,-2.995732273553991,4.45,5,11
966,low,1.110223024625156e-15,0.746,-0.2930296787783762,3.9499999999999993,5,11
967,high,0.6931471805599454,0.042,-3.170085660698769,4.45,5,11
968,low,1.110223024625156e-15,0.744,-0.2957142441490452,3.9499999999999993,5,11
969,high,0.6931471805599454,0.037,-3.2968373663379125,4.45,5,11
970,low,1.110223024625156e-15,0.724,-0.3229638865964207,3.9499999999999993,5,11
971,high,0.6931471805599454,0.046,-3.079113882493042,4.45,5,11
972,low,1.110223024625156e-15,0.743,-0.2970592342643779,3.9499999999999993,5,11
973,high,0.6931471805599454,0.04,-3.2188758248682006,4.45,5,11
974,low,1.110223024625156e-15,0.733,-0.3106095770954856,3.9499999999999993,5,11
975,high,0.6931471805599454,0.043,-3.146555163288575,4.45,5,11
976,low,1.110223024625156e-15,0.755,-0.28103752973311236,3.9499999999999993,5,11
977,high,0.6931471805599454,0.04,-3.2188758248682006,4.45,5,11
978,low,1.110223024625156e-15,0.744,-0.2957142441490452,3.9499999999999993,5,11
979,high,0.6931471805599454,0.044,-3.123565645063876,4.45,5,11
980,low,1.110223024625156e-15,0.755,-0.28103752973311236,3.9499999999999993,5,11
981,high,0.6931471805599454,0.035,-3.3524072174927233,4.45,5,11
982,low,1.110223024625156e-15,0.736,-0.3065251602532608,3.9499999999999993,5,11
983,high,0.6931471805599454,0.056,-2.8824035882469876,4.45,5,11
984,low,1.110223024625156e-15,0.764,-0.2691874898156165,3.9499999999999993,5,11
985,high,0.6931471805599454,0.04,-3.2188758248682006,4.45,5,11
986,low,1.110223024625156e-15,0.755,-0.28103752973311236,3.9499999999999993,5,11
987,high,0.6931471805599454,0.036,-3.3242363405260273,4.45,5,11
988,low,1.110223024625156e-15,0.731,-0.3133418192323586,3.9499999999999993,5,11
989,high,0.6931471805599454,0.04,-3.2188758248682006,4.45,5,11
990,low,1.110223024625156e-15,0.756,-0.27971390280260405,3.9499999999999993,5,11
991,high,0.6931471805599454,0.047,-3.0576076772720784,4.45,5,11
992,low,1.110223024625156e-15,0.771,-0.26006690541880756,3.9499999999999993,5,11
993,high,0.6931471805599454,0.042,-3.170085660698769,4.45,5,11
994,low,1.110223024625156e-15,0.752,-0.28501895503229724,3.9499999999999993,5,11
995,high,0.6931471805599454,0.063,-2.7646205525906042,4.45,5,11
996,low,1.110223024625156e-15,0.738,-0.30381145438166457,3.9499999999999993,5,11
997,high,0.6931471805599454,0.047,-3.0576076772720784,4.45,5,11
998,low,1.110223024625156e-15,0.746,-0.2930296787783762,3.9499999999999993,5,11
999,high,0.6931471805599454,0.051,-2.9759296462578115,4.45,5,11
